Chipset Brand,Chipset Series,Chipset,Manufacturer,Part Name,Price,Lighting,VRAM (GB),Base Core Freq,Base Mem Freq,Length,Wattage,Multi-GPU,GT1 Single Core Clock Multiplier,GT1 Single Mem Clock Multiplier,GT1 Single Benchmark Adjustment,GT1 Dual Core Clock Multiplier,GT1 Dual Mem Clock Multiplier,GT1 Dual Benchmark Adjustment
NVIDIA GeForce,GTX 700,GeForce GTX 750 Ti,Shean,GeForce GTX 750 Ti GAMER,90,None,2,1085,1350,147,60,None,0.005024,0.000815,1.012608,0,0,0
NVIDIA GeForce,GTX 900,GeForce GTX 950,MSI,GeForce GTX 950 GAMING 2G,140,White,2,1316,1663,270,90,SLI,0.007772,0.001791,-1.02847,0.012103,0.011235,-9.98906
NVIDIA GeForce,GTX 900,GeForce GTX 960,MSI,GeForce GTX 960 GAMING 100ME,180,Green,2,1304,1753,267,120,SLI,0.007122,0.003506,-0.92227,0.014258,0.006904,-1.87814
NVIDIA GeForce,GTX 900,GeForce GTX 960,MSI,GeForce GTX 960 GAMING 2G,180,White,2,1304,1753,267,120,SLI,0.007122,0.003506,-0.92227,0.014258,0.006904,-1.87814
NVIDIA GeForce,GTX 900,GeForce GTX 960,MSI,GeForce GTX 960 GAMING 2G LE,170,White,2,1216,1753,267,120,SLI,0.007122,0.003506,-0.92227,0.014258,0.006904,-1.87814
NVIDIA GeForce,GTX 900,GeForce GTX 960,MSI,GeForce GTX 960 GAMING 4G,180,White,4,1304,1753,267,120,SLI,0.007122,0.003506,-0.92227,0.014258,0.006904,-1.87814
NVIDIA GeForce,GTX 900,GeForce GTX 960,MSI,GeForce GTX 960 GAMING 4G LE,170,White,4,1216,1753,267,120,SLI,0.007122,0.003506,-0.92227,0.014258,0.006904,-1.87814
NVIDIA GeForce,GTX 900,GeForce GTX 960,MSI,GeForce GTX 960 GAMING LE 100ME,170,White,2,1216,1753,267,120,SLI,0.007122,0.003506,-0.92227,0.014258,0.006904,-1.87814
NVIDIA GeForce,GTX 900,GeForce GTX 970,MSI,GeForce GTX 970 GAMING 100ME,280,Green,4,1253,1753,277,148,SLI,0.015306,0.002396,-1.22474,0.033008,0,1.78075
NVIDIA GeForce,GTX 900,GeForce GTX 970,MSI,GeForce GTX 970 GAMING 4G,265,White,4,1178,1753,277,148,SLI,0.015306,0.002396,-1.22474,0.033008,0,1.78075
NVIDIA GeForce,GTX 900,GeForce GTX 970,MSI,GeForce GTX 970 GAMING 4G Golden Edition,285,White,4,1279,1753,277,148,SLI,0.015306,0.002396,-1.22474,0.033008,0,1.78075
NVIDIA GeForce,GTX 900,GeForce GTX 970,MSI,GeForce GTX 970 GAMING LE 100ME,275,White,4,1216,1753,277,148,SLI,0.015306,0.002396,-1.22474,0.033008,0,1.78075
NVIDIA GeForce,GTX 900,GeForce GTX 970,Shean,GeForce GTX 970 GAMER,265,None,4,1178,1753,147,148,SLI,0.015306,0.002396,-1.22474,0.033008,0,1.78075
NVIDIA GeForce,GTX 900,GeForce GTX 970,Shean,GeForce GTX 970 GAMER XL,280,None,4,1241,1753,147,148,SLI,0.015306,0.002396,-1.22474,0.033008,0,1.78075
NVIDIA GeForce,GTX 900,GeForce GTX 980,MSI,GeForce GTX 980 GAMING 4G LE,350,White,4,1253,1753,279,165,SLI,0.019121,0.000676,1.405064,0.034122,0.007068,-2.88329
NVIDIA GeForce,GTX 900,GeForce GTX 980,Shean,GeForce GTX 980 GAMER,340,None,4,1216,1753,147,165,SLI,0.019121,0.000676,1.405064,0.034122,0.007068,-2.88329
NVIDIA GeForce,GTX 900,GeForce GTX 980,Shean,GeForce GTX 980 GAMER XL,375,None,4,1279,1753,147,165,SLI,0.019121,0.000676,1.405064,0.034122,0.007068,-2.88329
NVIDIA GeForce,GTX 900,GeForce GTX 980 Ti,MSI,GeForce GTX 980 Ti GAMING 6G,490,White,6,1279,1774,277,250,SLI,0.0241,0.004619,-3.64611,0.042497,0.014065,-9.40513
NVIDIA GeForce,GTX 900,GeForce GTX 980 Ti,MSI,GeForce GTX 980 Ti GAMING 6G GOLDEN EDITION,495,White,6,1291,1774,277,250,SLI,0.0241,0.004619,-3.64611,0.042497,0.014065,-9.40513
NVIDIA GeForce,GTX 900,GeForce GTX 980 Ti,MSI,GeForce GTX 980 Ti GAMING 6G LE,435,White,6,1114,1753,277,250,SLI,0.0241,0.004619,-3.64611,0.042497,0.014065,-9.40513
NVIDIA GeForce,GTX 1000,GeForce GT 1030,EVGA,GeForce GT 1030 SC,75,None,2,1544,1502,169,30,None,0.002248,0.001908,0.273974,0,0,0
NVIDIA GeForce,GTX 1000,GeForce GT 1030,GIGABYTE,GeForce GT 1030 OC 2G,75,None,2,1544,1502,168,30,None,0.002248,0.001908,0.273974,0,0,0
NVIDIA GeForce,GTX 1000,GeForce GTX 1050,GIGABYTE,GeForce GTX 1050 Windforce OC 2G,120,None,2,1531,1752,229,75,None,0.007992,0.00044,-2.8124,0,0,0
NVIDIA GeForce,GTX 1000,GeForce GTX 1050,MSI,GeForce GTX 1050 GAMING 2G,120,RGB,2,1468,1752,229,75,None,0.007992,0.00044,-2.8124,0,0,0
NVIDIA GeForce,GTX 1000,GeForce GTX 1050,MSI,GeForce GTX 1050 GAMING X 2G,125,RGB,2,1531,1752,229,75,None,0.007992,0.00044,-2.8124,0,0,0
NVIDIA GeForce,GTX 1000,GeForce GTX 1050 Ti,EVGA,GeForce GTX 1050 Ti FTW GAMING,165,None,4,1493,1752,257,75,None,0.00654,0.001127,2.110894,0,0,0
NVIDIA GeForce,GTX 1000,GeForce GTX 1050 Ti,EVGA,GeForce GTX 1050 Ti GAMING,155,None,4,1392,1752,145,75,None,0.00654,0.001127,2.110894,0,0,0
NVIDIA GeForce,GTX 1000,GeForce GTX 1050 Ti,GIGABYTE,GeForce GTX 1050 Ti Windforce OC 4G,165,None,4,1468,1752,229,75,None,0.00654,0.001127,2.110894,0,0,0
NVIDIA GeForce,GTX 1000,GeForce GTX 1050 Ti,MSI,GeForce GTX 1050 Ti GAMING 4G,160,RGB,4,1417,1752,229,75,None,0.00654,0.001127,2.110894,0,0,0
NVIDIA GeForce,GTX 1000,GeForce GTX 1050 Ti,MSI,GeForce GTX 1050 Ti GAMING X 4G,165,RGB,4,1468,1752,229,75,None,0.00654,0.001127,2.110894,0,0,0
NVIDIA GeForce,GTX 1000,GeForce GTX 1050 Ti,ZOTAC,GeForce GTX 1050 Ti OC Edition,165,None,4,1506,1752,174,75,None,0.00654,0.001127,2.110894,0,0,0
NVIDIA GeForce,GTX 1000,GeForce GTX 1060,ASUS,ROG Strix GeForce GTX 1060 OC Edition,350,RGB,6,1847,2052,298,120,None,0.012399,0.0033,-3.41774,0,0,0
NVIDIA GeForce,GTX 1000,GeForce GTX 1060,EVGA,GeForce GTX 1060 FTW2 GAMING,350,None,6,1860,2002,267,120,None,0.012399,0.0033,-3.41774,0,0,0
NVIDIA GeForce,GTX 1000,GeForce GTX 1060,EVGA,GeForce GTX 1060 GAMING 3GB,295,None,3,1708,2002,173,120,None,0.010056,0.003354,-0.7444,0,0,0
NVIDIA GeForce,GTX 1000,GeForce GTX 1060,GIGABYTE,AORUS GeForce GTX 1060 6G,350,RGB,6,1860,2002,280,120,None,0.012399,0.0033,-3.41774,0,0,0
NVIDIA GeForce,GTX 1000,GeForce GTX 1060,GIGABYTE,AORUS GeForce GTX 1060 Xtreme Edition 6G,355,RGB,6,1873,2079,281,120,None,0.012399,0.0033,-3.41774,0,0,0
NVIDIA GeForce,GTX 1000,GeForce GTX 1060,MSI,GeForce GTX 1060 GAMING 3G,300,RGB,3,1733,2002,277,120,None,0.010056,0.003354,-0.7444,0,0,0
NVIDIA GeForce,GTX 1000,GeForce GTX 1060,MSI,GeForce GTX 1060 GAMING 6G,330,RGB,6,1733,2002,277,120,None,0.012399,0.0033,-3.41774,0,0,0
NVIDIA GeForce,GTX 1000,GeForce GTX 1060,MSI,GeForce GTX 1060 GAMING VR 3G,300,RGB,3,1746,2002,277,120,None,0.010056,0.003354,-0.7444,0,0,0
NVIDIA GeForce,GTX 1000,GeForce GTX 1060,MSI,GeForce GTX 1060 GAMING VR 6G,330,RGB,6,1746,2002,277,120,None,0.012399,0.0033,-3.41774,0,0,0
NVIDIA GeForce,GTX 1000,GeForce GTX 1060,MSI,GeForce GTX 1060 GAMING VR X 3G,310,RGB,3,1809,2027,277,120,None,0.010056,0.003354,-0.7444,0,0,0
NVIDIA GeForce,GTX 1000,GeForce GTX 1060,MSI,GeForce GTX 1060 GAMING VR X 6G,340,RGB,6,1809,2027,277,120,None,0.012399,0.0033,-3.41774,0,0,0
NVIDIA GeForce,GTX 1000,GeForce GTX 1060,MSI,GeForce GTX 1060 GAMING X 3G,305,RGB,3,1784,2002,277,120,None,0.010056,0.003354,-0.7444,0,0,0
NVIDIA GeForce,GTX 1000,GeForce GTX 1060,MSI,GeForce GTX 1060 GAMING X 6G,340,RGB,6,1809,2027,277,120,None,0.012399,0.0033,-3.41774,0,0,0
NVIDIA GeForce,GTX 1000,GeForce GTX 1060,MSI,GeForce GTX 1060 GAMING X+ 6G,350,RGB,6,1809,2281,277,120,None,0.012399,0.0033,-3.41774,0,0,0
NVIDIA GeForce,GTX 1000,GeForce GTX 1060,MSI,GeForce GTX 1060 GAMING+ 6G,340,RGB,6,1746,2256,277,120,None,0.012399,0.0033,-3.41774,0,0,0
NVIDIA GeForce,GTX 1000,GeForce GTX 1060,NVIDIA,GeForce GTX 1060 Founders Edition,340,Green,6,1709,2002,250,120,None,0.012399,0.0033,-3.41774,0,0,0
NVIDIA GeForce,GTX 1000,GeForce GTX 1060,ZOTAC,GeForce GTX 1060 AMP! Edition,330,None,6,1771,2002,210,120,None,0.012399,0.0033,-3.41774,0,0,0
NVIDIA GeForce,GTX 1000,GeForce GTX 1060,ZOTAC,GeForce GTX 1060 Mini,320,None,6,1709,2002,174,120,None,0.012399,0.0033,-3.41774,0,0,0
NVIDIA GeForce,GTX 1000,GeForce GTX 1070,ASUS,ROG Strix GeForce GTX 1070 OC Edition,550,RGB,8,1835,2002,298,150,SLI,0.01523,0.006421,-3.37279,0.03006,0.015907,-13.1503
NVIDIA GeForce,GTX 1000,GeForce GTX 1070,EVGA,GeForce GTX 1070 FTW2 GAMING,530,None,8,1797,2002,267,150,SLI,0.01523,0.006421,-3.37279,0.03006,0.015907,-13.1503
NVIDIA GeForce,GTX 1000,GeForce GTX 1070,EVGA,GeForce GTX 1070 GAMING,510,White,8,1683,2002,267,150,SLI,0.01523,0.006421,-3.37279,0.03006,0.015907,-13.1503
NVIDIA GeForce,GTX 1000,GeForce GTX 1070,GIGABYTE,AORUS GeForce GTX 1070 8G,550,RGB,8,1835,2002,287,150,SLI,0.01523,0.006421,-3.37279,0.03006,0.015907,-13.1503
NVIDIA GeForce,GTX 1000,GeForce GTX 1070,MSI,GeForce GTX 1070 GAMING 8G,520,RGB,8,1721,2002,279,150,SLI,0.01523,0.006421,-3.37279,0.03006,0.015907,-13.1503
NVIDIA GeForce,GTX 1000,GeForce GTX 1070,MSI,GeForce GTX 1070 GAMING X 8G,540,RGB,8,1797,2027,279,150,SLI,0.01523,0.006421,-3.37279,0.03006,0.015907,-13.1503
NVIDIA GeForce,GTX 1000,GeForce GTX 1070,MSI,GeForce GTX 1070 GAMING Z 8G,555,RGB,8,1860,2027,279,150,SLI,0.01523,0.006421,-3.37279,0.03006,0.015907,-13.1503
NVIDIA GeForce,GTX 1000,GeForce GTX 1070,NVIDIA,GeForce GTX 1070 Founders Edition,530,Green,8,1683,2002,267,150,SLI,0.01523,0.006421,-3.37279,0.03006,0.015907,-13.1503
NVIDIA GeForce,GTX 1000,GeForce GTX 1070,ZOTAC,GeForce GTX 1070 AMP Extreme,550,RGB,8,1835,2052,325,150,SLI,0.01523,0.006421,-3.37279,0.03006,0.015907,-13.1503
NVIDIA GeForce,GTX 1000,GeForce GTX 1070,ZOTAC,GeForce GTX 1070 Mini,515,White,8,1708,2002,210,150,SLI,0.01523,0.006421,-3.37279,0.03006,0.015907,-13.1503
NVIDIA GeForce,GTX 1000,GeForce GTX 1070,NVIDIA,GeForce GTX 1070 | EKWB EK-FC Acetal,650,None,8,1683,2002,258,150,SLI,0.01523,0.006421,-3.37279,0.03006,0.015907,-13.1503
NVIDIA GeForce,GTX 1000,GeForce GTX 1070,NVIDIA,GeForce GTX 1070 | EKWB EK-FC Plexi,650,None,8,1683,2002,258,150,SLI,0.01523,0.006421,-3.37279,0.03006,0.015907,-13.1503
NVIDIA GeForce,GTX 1000,GeForce GTX 1070,NVIDIA,GeForce GTX 1070 | EKWB EK-FC Plexi RGB,700,RGB,8,1683,2002,258,150,SLI,0.01523,0.006421,-3.37279,0.03006,0.015907,-13.1503
NVIDIA GeForce,GTX 1000,GeForce GTX 1070 Ti,ASUS,ROG Strix GeForce GTX 1070 Ti Advanced Edition,610,RGB,8,1683,2002,298,180,SLI,0.012341,0.009107,2.382808,0.029835,0.008625,12.33832
NVIDIA GeForce,GTX 1000,GeForce GTX 1070 Ti,MSI,GeForce GTX 1070 Ti GAMING 8G,610,RGB,8,1683,2002,279,180,SLI,0.012341,0.009107,2.382808,0.029835,0.008625,12.33832
NVIDIA GeForce,GTX 1000,GeForce GTX 1070 Ti,MSI,GeForce GTX 1070 Ti Titanium 8G,610,RGB,8,1683,2002,279,180,SLI,0.012341,0.009107,2.382808,0.029835,0.008625,12.33832
NVIDIA GeForce,GTX 1000,GeForce GTX 1070 Ti,NVIDIA,GeForce GTX 1070 Ti Founders Edition,640,Green,8,1683,2002,267,180,SLI,0.012341,0.009107,2.382808,0.029835,0.008625,12.33832
NVIDIA GeForce,GTX 1000,GeForce GTX 1070 Ti,NVIDIA,GeForce GTX 1070 Ti | EKWB EK-FC Acetal,760,None,8,1683,2002,258,180,SLI,0.012341,0.009107,2.382808,0.029835,0.008625,12.33832
NVIDIA GeForce,GTX 1000,GeForce GTX 1070 Ti,NVIDIA,GeForce GTX 1070 Ti | EKWB EK-FC Plexi,760,None,8,1683,2002,258,180,SLI,0.012341,0.009107,2.382808,0.029835,0.008625,12.33832
NVIDIA GeForce,GTX 1000,GeForce GTX 1070 Ti,NVIDIA,GeForce GTX 1070 Ti | EKWB EK-FC Plexi RGB,810,RGB,8,1683,2002,258,180,SLI,0.012341,0.009107,2.382808,0.029835,0.008625,12.33832
NVIDIA GeForce,GTX 1000,GeForce GTX 1080,ASUS,ROG Strix GeForce GTX 1080 OC Edition,700,RGB,8,1898,1251,298,180,SLI,0.016172,0.012984,0.4788,0.047004,0.01229,-12.7896
NVIDIA GeForce,GTX 1000,GeForce GTX 1080,EVGA,GeForce GTX 1080 GAMING,655,White,8,1733,1251,267,180,SLI,0.016172,0.012984,0.4788,0.047004,0.01229,-12.7896
NVIDIA GeForce,GTX 1000,GeForce GTX 1080,GIGABYTE,AORUS GeForce GTX 1080 8G,690,RGB,8,1873,1251,287,180,SLI,0.016172,0.012984,0.4788,0.047004,0.01229,-12.7896
NVIDIA GeForce,GTX 1000,GeForce GTX 1080,GIGABYTE,AORUS GeForce GTX 1080 Xtreme Edition 8G,730,RGB,8,1936,1376,293,180,SLI,0.016172,0.012984,0.4788,0.047004,0.01229,-12.7896
NVIDIA GeForce,GTX 1000,GeForce GTX 1080,MSI,GeForce GTX 1080 GAMING 8G,665,RGB,8,1771,1251,279,180,SLI,0.016172,0.012984,0.4788,0.047004,0.01229,-12.7896
NVIDIA GeForce,GTX 1000,GeForce GTX 1080,MSI,GeForce GTX 1080 GAMING X 8G,690,RGB,8,1847,1263,279,180,SLI,0.016172,0.012984,0.4788,0.047004,0.01229,-12.7896
NVIDIA GeForce,GTX 1000,GeForce GTX 1080,MSI,GeForce GTX 1080 GAMING X+ 8G,710,RGB,8,1847,1388,277,180,SLI,0.016172,0.012984,0.4788,0.047004,0.01229,-12.7896
NVIDIA GeForce,GTX 1000,GeForce GTX 1080,MSI,GeForce GTX 1080 GAMING Z 8G,705,RGB,8,1911,1263,279,180,SLI,0.016172,0.012984,0.4788,0.047004,0.01229,-12.7896
NVIDIA GeForce,GTX 1000,GeForce GTX 1080,MSI,GeForce GTX 1080 GAMING+ 8G,690,RGB,8,1771,1376,277,180,SLI,0.016172,0.012984,0.4788,0.047004,0.01229,-12.7896
NVIDIA GeForce,GTX 1000,GeForce GTX 1080,NVIDIA,GeForce GTX 1080 Founders Edition,690,Green,8,1733,1251,267,180,SLI,0.016172,0.012984,0.4788,0.047004,0.01229,-12.7896
NVIDIA GeForce,GTX 1000,GeForce GTX 1080,ZOTAC,GeForce GTX 1080 AMP Extreme,720,Red,8,1911,1350,325,180,SLI,0.016172,0.012984,0.4788,0.047004,0.01229,-12.7896
NVIDIA GeForce,GTX 1000,GeForce GTX 1080,ZOTAC,GeForce GTX 1080 Mini,665,White,8,1759,1251,211,180,SLI,0.016172,0.012984,0.4788,0.047004,0.01229,-12.7896
NVIDIA GeForce,GTX 1000,GeForce GTX 1080,NVIDIA,GeForce GTX 1080 | Alphacool NexXxoS GPX M10,805,None,8,1733,1251,258,180,SLI,0.016172,0.012984,0.4788,0.047004,0.01229,-12.7896
NVIDIA GeForce,GTX 1000,GeForce GTX 1080,NVIDIA,GeForce GTX 1080 | EKWB EK-FC Acetal,805,None,8,1733,1251,258,180,SLI,0.016172,0.012984,0.4788,0.047004,0.01229,-12.7896
NVIDIA GeForce,GTX 1000,GeForce GTX 1080,NVIDIA,GeForce GTX 1080 | EKWB EK-FC Plexi,805,None,8,1733,1251,258,180,SLI,0.016172,0.012984,0.4788,0.047004,0.01229,-12.7896
NVIDIA GeForce,GTX 1000,GeForce GTX 1080,NVIDIA,GeForce GTX 1080 | EKWB EK-FC Plexi RGB,855,RGB,8,1733,1251,258,180,SLI,0.016172,0.012984,0.4788,0.047004,0.01229,-12.7896
NVIDIA GeForce,GTX 1000,GeForce GTX 1080 Ti,ASUS,ROG Strix GeForce GTX 1080 Ti OC Edition,870,RGB,11,1683,1376,298,250,SLI,0.02549,0.01673,-9.4038,0.04548,0.03498,-15.202
NVIDIA GeForce,GTX 1000,GeForce GTX 1080 Ti,EVGA,GeForce GTX 1080 Ti GAMING,825,White,11,1582,1376,270,250,SLI,0.02549,0.01673,-9.4038,0.04548,0.03498,-15.202
NVIDIA GeForce,GTX 1000,GeForce GTX 1080 Ti,EVGA,GeForce GTX 1080 Ti K|NGP|N GAMING,875,RGB,11,1695,1376,300,250,SLI,0.02549,0.01673,-9.4038,0.04548,0.03498,-15.202
NVIDIA GeForce,GTX 1000,GeForce GTX 1080 Ti,GIGABYTE,AORUS GeForce GTX 1080 Ti 11G,880,RGB,11,1708,1376,293,250,SLI,0.02549,0.01673,-9.4038,0.04548,0.03498,-15.202
NVIDIA GeForce,GTX 1000,GeForce GTX 1080 Ti,GIGABYTE,AORUS GeForce GTX 1080 Ti Xtreme Edition 11G,910,RGB,11,1746,1431,293,250,SLI,0.02549,0.01673,-9.4038,0.04548,0.03498,-15.202
NVIDIA GeForce,GTX 1000,GeForce GTX 1080 Ti,MSI,GeForce GTX 1080 Ti GAMING 11G,805,RGB,11,1620,1377,290,250,SLI,0.02549,0.01673,-9.4038,0.04548,0.03498,-15.202
NVIDIA GeForce,GTX 1000,GeForce GTX 1080 Ti,MSI,GeForce GTX 1080 Ti GAMING X 11G,830,RGB,11,1683,1390,290,250,SLI,0.02549,0.01673,-9.4038,0.04548,0.03498,-15.202
NVIDIA GeForce,GTX 1000,GeForce GTX 1080 Ti,NVIDIA,GeForce GTX 1080 Ti Founders Edition,870,Green,11,1582,1376,267,250,SLI,0.02549,0.01673,-9.4038,0.04548,0.03498,-15.202
NVIDIA GeForce,GTX 1000,GeForce GTX 1080 Ti,ZOTAC,GeForce GTX 1080 Ti AMP Extreme,910,RGB,11,1759,1400,325,250,SLI,0.02549,0.01673,-9.4038,0.04548,0.03498,-15.202
NVIDIA GeForce,GTX 1000,GeForce GTX 1080 Ti,ZOTAC,GeForce GTX 1080 Ti Mini,840,White,11,1620,1376,211,250,SLI,0.02549,0.01673,-9.4038,0.04548,0.03498,-15.202
NVIDIA GeForce,GTX 1000,GeForce GTX 1080 Ti,NVIDIA,GeForce GTX 1080 Ti | EKWB EK-FC Acetal,955,None,11,1582,1376,258,250,SLI,0.02549,0.01673,-9.4038,0.04548,0.03498,-15.202
NVIDIA GeForce,GTX 1000,GeForce GTX 1080 Ti,NVIDIA,GeForce GTX 1080 Ti | EKWB EK-FC Plexi,955,None,11,1582,1376,258,250,SLI,0.02549,0.01673,-9.4038,0.04548,0.03498,-15.202
NVIDIA GeForce,GTX 1000,GeForce GTX 1080 Ti,NVIDIA,GeForce GTX 1080 Ti | EKWB EK-FC Plexi RGB,1005,RGB,11,1582,1376,258,250,SLI,0.02549,0.01673,-9.4038,0.04548,0.03498,-15.202
NVIDIA GeForce,GTX 1600,GeForce GTX 1650,EVGA,GeForce GTX 1650 XC ULTRA BLACK GAMING,210,None,4,1665,2000,202,75,None,0.014563261,0.002413,-11.12616518,0,0,0
NVIDIA GeForce,GTX 1600,GeForce GTX 1660 Super,EVGA,GeForce GTX 1660 SUPER SC ULTRA BLACK GAMING,420,None,6,1785,1750,202,125,None,0.035744325,0,-30.005476,0,0,0
NVIDIA GeForce,GTX 1600,GeForce GTX 1660 Ti,EVGA,GeForce GTX 1660 Ti XC,475,None,6,1845,1500,190,120,None,0.022363,0.001961,-5.55492,0,0,0
NVIDIA GeForce,GTX 1600,GeForce GTX 1660 Ti,EVGA,GeForce GTX 1660 Ti XC ULTRA GAMING,480,None,6,1860,1500,268,120,None,0.022363,0.001961,-5.55492,0,0,0
NVIDIA GeForce,GTX 1600,GeForce GTX 1660 Ti,ZOTAC,GeForce GTX 1660 Ti AMP,540,None,6,1860,1500,210,120,None,0.022363,0.001961,-5.55492,0,0,0
NVIDIA GeForce,RTX 2000,Geforce RTX 2060,Colorful,iGame GeForce RTX 2060 Ultra,595,RGB,6,1710,1750,310,160,None,0.020379,0.007751,-4.05566,0,0,0
NVIDIA GeForce,RTX 2000,Geforce RTX 2060,Colorful,iGame GeForce RTX 2060 Ultra OC-V,605,RGB,6,1755,1750,315,160,None,0.020379,0.007751,-4.05566,0,0,0
NVIDIA GeForce,RTX 2000,Geforce RTX 2060,EVGA,GeForce RTX 2060 SC ULTRA GAMING,605,None,6,1755,1750,268,160,None,0.020379,0.007751,-4.05566,0,0,0
NVIDIA GeForce,RTX 2000,Geforce RTX 2060,NVIDIA,GeForce RTX 2060 Founders Edition,590,Green,6,1680,1750,229,160,None,0.020379,0.007751,-4.05566,0,0,0
NVIDIA GeForce,RTX 2000,GeForce RTX 2060 Super,ASUS,ROG STRIX GeForce RTX 2060 SUPER Series,750,RGB,8,1860,1750,300,160,None,0.033406,0,-8.31091,0,0,0
NVIDIA GeForce,RTX 2000,GeForce RTX 2060 Super,Colorful,iGame GeForce RTX 2060 SUPER Ultra-V,630,RGB,8,1650,1750,310,160,None,0.033406,0,-8.31091,0,0,0
NVIDIA GeForce,RTX 2000,GeForce RTX 2060 Super,EVGA,GeForce RTX 2060 SUPER XC BLACK GAMING,630,RGB,8,1650,1750,270,160,None,0.033406,0,-8.31091,0,0,0
NVIDIA GeForce,RTX 2000,GeForce RTX 2060 Super,GIGABYTE,AORUS GeForce RTX 2060 SUPER 8G,740,RGB,8,1845,1750,290,160,None,0.033406,0,-8.31091,0,0,0
NVIDIA GeForce,RTX 2000,GeForce RTX 2060 Super,GIGABYTE,GeForce RTX 2060 SUPER WINDFORCE OC 8G,680,None,8,1680,1750,265,160,None,0.033406,0,-8.31091,0,0,0
NVIDIA GeForce,RTX 2000,GeForce RTX 2060 Super,MSI,GeForce RTX 2060 SUPER ARMOR OC,615,RGB,8,1680,1750,250,160,None,0.033406,0,-8.31091,0,0,0
NVIDIA GeForce,RTX 2000,GeForce RTX 2060 Super,MSI,GeForce RTX 2060 SUPER GAMING X,620,None,8,1695,1750,248,160,None,0.033406,0,-8.31091,0,0,0
NVIDIA GeForce,RTX 2000,GeForce RTX 2060 Super,MSI,GeForce RTX 2060 SUPER Ventus GP OC,610,None,8,1665,1750,232,160,None,0.033406,0,-8.31091,0,0,0
NVIDIA GeForce,RTX 2000,GeForce RTX 2060 Super,ZOTAC,GAMING GeForce RTX 2060 SUPER Amp Extreme,650,RGB,8,1710,1750,308,160,None,0.033406,0,-8.31091,0,0,0
NVIDIA GeForce,RTX 2000,GeForce RTX 2060 Super,ZOTAC,GAMING GeForce RTX 2060 SUPER Mini,615,None,8,1680,1750,229,160,None,0.033406,0,-8.31091,0,0,0
NVIDIA GeForce,RTX 2000,Geforce RTX 2070,Colorful,iGame GeForce RTX 2070 Ultra OC-V,710,RGB,8,1710,1750,315,175,None,0.032361,0.00444,-12.2516,0,0,0
NVIDIA GeForce,RTX 2000,Geforce RTX 2070,Colorful,iGame GeForce RTX 2070 Vulcan X OC-V,760,RGB,8,1815,1750,318,175,None,0.032361,0.00444,-12.2516,0,0,0
NVIDIA GeForce,RTX 2000,Geforce RTX 2070,EVGA,GeForce RTX 2070 FTW3 ULTRA GAMING,825,RGB,8,1815,1750,302,175,None,0.032361,0.00444,-12.2516,0,0,0
NVIDIA GeForce,RTX 2000,Geforce RTX 2070,GIGABYTE,AORUS GeForce RTX 2070 XTREME 8G,830,RGB,8,1815,1768,290,175,None,0.032361,0.00444,-12.2516,0,0,0
NVIDIA GeForce,RTX 2000,Geforce RTX 2070,NVIDIA,GeForce RTX 2070 Founders Edition,730,Green,8,1620,1750,229,175,None,0.032361,0.00444,-12.2516,0,0,0
NVIDIA GeForce,RTX 2000,GeForce RTX 2070 Super,ASUS,ROG STRIX GeForce RTX 2070 SUPER Series,950,RGB,8,1935,1750,300,215,SLI,0.036242398,0.000074199,-6.60026,0.122562,0,-125.554
NVIDIA GeForce,RTX 2000,GeForce RTX 2070 Super,Colorful,iGame GeForce RTX 2070 SUPER Vulcan OC-V,845,RGB,8,1815,1750,318,215,SLI,0.036242398,0.000074199,-6.60026,0.122562,0,-125.554
NVIDIA GeForce,RTX 2000,GeForce RTX 2070 Super,Colorful,iGame GeForce RTX 2070 SUPER Vulcan X OC-V,890,RGB,8,1905,1750,318,215,SLI,0.036242398,0.000074199,-6.60026,0.122562,0,-125.554
NVIDIA GeForce,RTX 2000,GeForce RTX 2070 Super,EVGA,GeForce RTX 2070 SUPER FTW3 ULTRA+,805,RGB,8,1815,1750,302,215,SLI,0.036242398,0.000074199,-6.60026,0.122562,0,-125.554
NVIDIA GeForce,RTX 2000,GeForce RTX 2070 Super,EVGA,GeForce RTX 2070 SUPER XC ULTRA,840,RGB,8,1800,1750,269,215,SLI,0.036242398,0.000074199,-6.60026,0.122562,0,-125.554
NVIDIA GeForce,RTX 2000,GeForce RTX 2070 Super,GIGABYTE,AORUS GeForce RTX 2070 SUPER 8G,950,RGB,8,1905,1750,290,215,SLI,0.036242398,0.000074199,-6.60026,0.122562,0,-125.554
NVIDIA GeForce,RTX 2000,GeForce RTX 2070 Super,GIGABYTE,GeForce RTX 2070 SUPER GAMING OC WHITE 8G,950,RGB,8,1815,1750,287,215,SLI,0.036242398,0.000074199,-6.60026,0.122562,0,-125.554
NVIDIA GeForce,RTX 2000,GeForce RTX 2070 Super,MSI,GeForce RTX 2070 SUPER GAMING X,800,RGB,8,1800,1750,297,215,SLI,0.036242398,0.000074199,-6.60026,0.122562,0,-125.554
NVIDIA GeForce,RTX 2000,GeForce RTX 2070 Super,MSI,GeForce RTX 2070 SUPER GAMING X Trio,800,RGB,8,1800,1750,328,215,SLI,0.036242398,0.000074199,-6.60026,0.122562,0,-125.554
NVIDIA GeForce,RTX 2000,GeForce RTX 2070 Super,MSI,GeForce RTX 2070 SUPER Ventus GP OC,790,None,8,1785,1750,258,215,SLI,0.036242398,0.000074199,-6.60026,0.122562,0,-125.554
NVIDIA GeForce,RTX 2000,GeForce RTX 2070 Super,ZOTAC,GAMING GeForce RTX 2070 SUPER Mini,740,White,8,1680,1750,229,215,SLI,0.036242398,0.000074199,-6.60026,0.122562,0,-125.554
NVIDIA GeForce,RTX 2000,GeForce RTX 2080,Colorful,iGame GeForce RTX 2080 Advanced-V,860,RGB,8,1710,1750,315,215,SLI,0.033804,0.01013,-14.5626,0.089011,0.014456,-72.7506
NVIDIA GeForce,RTX 2000,GeForce RTX 2080,EVGA,GeForce RTX 2080 FTW3 ULTRA GAMING,1030,RGB,8,1860,1750,302,215,SLI,0.033804,0.01013,-14.5626,0.089011,0.014456,-72.7506
NVIDIA GeForce,RTX 2000,GeForce RTX 2080,GIGABYTE,AORUS GeForce RTX 2080 XTREME 8G,1050,RGB,8,1890,1767,290,215,SLI,0.033804,0.01013,-14.5626,0.089011,0.014456,-72.7506
NVIDIA GeForce,RTX 2000,GeForce RTX 2080,NVIDIA,GeForce RTX 2080 Founders Edition,950,Green,8,1710,1750,267,215,SLI,0.033804,0.01013,-14.5626,0.089011,0.014456,-72.7506
NVIDIA GeForce,RTX 2000,GeForce RTX 2080 Super,ASUS,ROG STRIX GeForce RTX 2080 SUPER Series,1050,RGB,8,1890,1937,300,250,SLI,0.0496198,0.00005014,-25.819,0.023725,0.0418475,10.99498079
NVIDIA GeForce,RTX 2000,GeForce RTX 2080 Super,Colorful,iGame GeForce RTX 2080 SUPER Advanced OC-V,935,RGB,8,1845,1937,315,250,SLI,0.0496198,0.00005014,-25.819,0.023725,0.0418475,10.99498079
NVIDIA GeForce,RTX 2000,GeForce RTX 2080 Super,Colorful,iGame GeForce RTX 2080 SUPER Vulcan X OC,950,RGB,8,1860,1937,318,250,SLI,0.0496198,0.00005014,-25.819,0.023725,0.0418475,10.99498079
NVIDIA GeForce,RTX 2000,GeForce RTX 2080 Super,EVGA,GeForce RTX 2080 SUPER BLACK GAMING,960,None,8,1815,1935,270,250,SLI,0.0496198,0.00005014,-25.819,0.023725,0.0418475,10.99498079
NVIDIA GeForce,RTX 2000,GeForce RTX 2080 Super,GIGABYTE,AORUS GeForce RTX 2080 SUPER 8G,1050,RGB,8,1860,1937,290,250,SLI,0.0496198,0.00005014,-25.819,0.023725,0.0418475,10.99498079
NVIDIA GeForce,RTX 2000,GeForce RTX 2080 Super,GIGABYTE,GeForce RTX 2080 SUPER GAMING OC 8G,980,RGB,8,1845,1935,287,250,SLI,0.0496198,0.00005014,-25.819,0.023725,0.0418475,10.99498079
NVIDIA GeForce,RTX 2000,GeForce RTX 2080 Super,MSI,GeForce RTX 2080 SUPER GAMING X Trio,935,RGB,8,1845,1937,328,250,SLI,0.0496198,0.00005014,-25.819,0.023725,0.0418475,10.99498079
NVIDIA GeForce,RTX 2000,GeForce RTX 2080 Super,MSI,GeForce RTX 2080 SUPER Ventus XS OC,925,None,8,1830,1937,257,250,SLI,0.0496198,0.00005014,-25.819,0.023725,0.0418475,10.99498079
NVIDIA GeForce,RTX 2000,GeForce RTX 2080 Super,MSI,GeForce RTX 2080 SUPER™ AERO,960,None,8,1815,1750,265,250,SLI,0.0496198,0.00005014,-25.819,0.023725,0.0418475,10.99498079
NVIDIA GeForce,RTX 2000,GeForce RTX 2080 Super,ZOTAC,GAMING GeForce RTX 2080 SUPER Amp,980,RGB,8,1845,1935,298,250,SLI,0.0496198,0.00005014,-25.819,0.023725,0.0418475,10.99498079
NVIDIA GeForce,RTX 2000,GeForce RTX 2080 Super,ZOTAC,GAMING GeForce RTX 2080 SUPER Amp Extreme,1000,RGB,8,1875,1935,324,250,SLI,0.0496198,0.00005014,-25.819,0.023725,0.0418475,10.99498079
NVIDIA GeForce,RTX 2000,GeForce RTX 2080 Super,ZOTAC,GAMING GeForce RTX 2080 SUPER Twin Fan,950,RGB,8,1815,1935,268,250,SLI,0.0496198,0.00005014,-25.819,0.023725,0.0418475,10.99498079
NVIDIA GeForce,RTX 2000,GeForce RTX 2080 Super,EVGA,GeForce RTX 2080 SUPER FTW3 HYDRO COPPER GAMING,1350,RGB,8,1845,1937,290,250,SLI,0.0496198,0.00005014,-25.819,0.023725,0.0418475,10.99498079
NVIDIA GeForce,RTX 2000,GeForce RTX 2080 Super,GIGABYTE,AORUS GeForce RTX 2080 SUPER WATERFORCE WB 8G,1400,RGB,8,1860,1937,291,250,SLI,0.0496198,0.00005014,-25.819,0.023725,0.0418475,10.99498079
NVIDIA GeForce,RTX 2000,GeForce RTX 2080 Ti,ASUS,ROG Strix Geforce RTX 2080 Ti 11GB Gaming,1030,RGB,11,1560,1750,304,250,SLI,0.049184,0.008357,-21.5075,0.05971,0.084504,-117.921
NVIDIA GeForce,RTX 2000,GeForce RTX 2080 Ti,Colorful,iGame GeForce RTX 2080 Ti Advanced OC,1200,RGB,11,1635,1750,304,250,SLI,0.049184,0.008357,-21.5075,0.05971,0.084504,-117.921
NVIDIA GeForce,RTX 2000,GeForce RTX 2080 Ti,Colorful,iGame GeForce RTX 2080 Ti Vulcan X OC,1320,RGB,11,1770,1750,318,250,SLI,0.049184,0.008357,-21.5075,0.05971,0.084504,-117.921
NVIDIA GeForce,RTX 2000,GeForce RTX 2080 Ti,EVGA,GeForce RTX 2080 Ti FTW3 ULTRA GAMING,1240,RGB,11,1755,1750,302,250,SLI,0.049184,0.008357,-21.5075,0.05971,0.084504,-117.921
NVIDIA GeForce,RTX 2000,GeForce RTX 2080 Ti,EVGA,GeForce RTX 2080Ti XC BLACK EDITION GAMING,1080,RGB,11,1560,1750,269,250,SLI,0.049184,0.008357,-21.5075,0.05971,0.084504,-117.921
NVIDIA GeForce,RTX 2000,GeForce RTX 2080 Ti,GIGABYTE,AORUS GeForce RTX 2080 Ti XTREME 11G,1310,RGB,11,1770,1767,290,250,SLI,0.049184,0.008357,-21.5075,0.05971,0.084504,-117.921
NVIDIA GeForce,RTX 2000,GeForce RTX 2080 Ti,NVIDIA,GeForce RTX 2080 Ti Founders Edition,1130,Green,11,1545,1750,269,250,SLI,0.049184,0.008357,-21.5075,0.05971,0.084504,-117.921
NVIDIA GeForce,RTX 2000,GeForce RTX 2080 Ti,ZOTAC,GAMING GeForce RTX 2080 Ti Amp,1150,RGB,11,1665,1750,308,250,SLI,0.049184,0.008357,-21.5075,0.05971,0.084504,-117.921
NVIDIA GeForce,RTX 2000,GeForce RTX 2080 Ti,ZOTAC,GAMING GeForce RTX 2080 Ti Amp Extreme,1300,RGB,11,1815,1800,324,250,SLI,0.049184,0.008357,-21.5075,0.05971,0.084504,-117.921
NVIDIA GeForce,RTX 2000,GeForce RTX 2080 Ti,ZOTAC,GAMING GeForce RTX 2080 Ti Amp MAXX,1150,RGB,11,1665,1750,298,250,SLI,0.049184,0.008357,-21.5075,0.05971,0.084504,-117.921
NVIDIA GeForce,RTX 2000,GeForce RTX 2080 Ti,ZOTAC,GAMING GeForce RTX 2080 Ti Blower,1050,None,11,1545,1750,268,250,SLI,0.049184,0.008357,-21.5075,0.05971,0.084504,-117.921
NVIDIA GeForce,RTX 2000,GeForce RTX 2080 Ti,EVGA,GeForce RTX 2080 Ti FTW3 ULTRA HYDRO COPPER GAMING,1500,RGB,11,1755,1750,291,250,SLI,0.049184,0.008357,-21.5075,0.05971,0.084504,-117.921
NVIDIA GeForce,RTX 2000,GeForce RTX 2080 Ti,EVGA,GeForce RTX 2080 Ti XC HYDRO COPPER GAMING,1350,RGB,11,1545,1750,266,250,SLI,0.049184,0.008357,-21.5075,0.05971,0.084504,-117.921
NVIDIA GeForce,RTX 2000,GeForce RTX 2080 Ti,GIGABYTE,AORUS GeForce RTX 2080 Ti XTREME WATERFORCE WB 11G,1550,None,11,1770,1767,291,250,SLI,0.049184,0.008357,-21.5075,0.05971,0.084504,-117.921
NVIDIA GeForce,RTX 2000,GeForce RTX 2080 Ti,NVIDIA,GeForce RTX 2080Ti | Alphacool Eisblock GPX-N Acetal M02,1550,None,11,1770,1767,291,250,SLI,0.049184,0.008357,-21.5075,0.05971,0.084504,-117.921
NVIDIA GeForce,RTX 2000,GeForce RTX 2080 Ti,NVIDIA,GeForce RTX 2080Ti | Alphacool Eisblock GPX-N Plexi M02,1550,RGB,11,1770,1767,291,250,SLI,0.049184,0.008357,-21.5075,0.05971,0.084504,-117.921
NVIDIA GeForce,RTX 2000,GeForce RTX 2080 Ti,ZOTAC,ZOTAC GAMING GeForce RTX 2080 Ti ArcticStorm,1550,RGB,11,1575,1750,295,300,SLI,0.049184,0.008357,-21.5075,0.05971,0.084504,-117.921
NVIDIA GeForce,RTX 3000,GeForce RTX 3060,Colorful,iGame GeForce RTX 3060 bilibili E-sports Edition OC 12G-V,715,None,12,1777,1875,300,170,None,0.020295,0.005688,6.784831,0,0,0
NVIDIA GeForce,RTX 3000,GeForce RTX 3060,ZOTAC,GAMING GeForce RTX 3060 AMP White Edition,760,White,12,1867,1875,231,170,None,0.020295,0.005688,6.784831,0,0,0
NVIDIA GeForce,RTX 3000,GeForce RTX 3060,ZOTAC,GAMING GeForce RTX 3060 Twin Edge OC,745,None,12,1807,1875,224,170,None,0.020295,0.005688,6.784831,0,0,0
NVIDIA GeForce,RTX 3000,GeForce RTX 3060 Ti,Colorful,iGame GeForce RTX 3060 Ti bilibili E-sports Edition OC LHR-V,970,None,8,1665,1750,300,200,None,0.023313,0.012362,9.697741,0,0,0
NVIDIA GeForce,RTX 3000,GeForce RTX 3060 Ti,MSI,GeForce RTX™ 3060Ti GAMING X TRIO,1060,RGB,8,1830,1750,323,200,None,0.023313,0.012362,9.697741,0,0,0
NVIDIA GeForce,RTX 3000,GeForce RTX 3060 Ti,NVIDIA,GeForce RTX 3060 Ti Founders Edition,1005,None,8,1665,1750,242,200,None,0.023313,0.012362,9.697741,0,0,0
NVIDIA GeForce,RTX 3000,GeForce RTX 3060 Ti,ZOTAC,GAMING GeForce RTX 3060 Ti Twin Edge OC,1015,White,8,1695,1750,222,200,None,0.023313,0.012362,9.697741,0,0,0
NVIDIA GeForce,RTX 3000,GeForce RTX 3070,ASUS,GeForce RTX 3070 OC Edition 8GB GDDR6,1185,Mixed,8,1770,1750,267,220,None,0.036679,0.000247,16.66125,0,0,0
NVIDIA GeForce,RTX 3000,GeForce RTX 3070,Colorful,iGame GeForce RTX 3070 bilibili E-sports Edition OC LHR-V,1195,None,8,1725,1750,300,240,None,0.036679,0.000247,16.66125,0,0,0
NVIDIA GeForce,RTX 3000,GeForce RTX 3070,Colorful,iGame GeForce RTX 3070 Ultra W OC-V,1185,RGB,8,1770,1750,310,220,None,0.036679,0.000247,16.66125,0,0,0
NVIDIA GeForce,RTX 3000,GeForce RTX 3070,MSI,GeForce RTX™ 3070 VENTUS 2X,1160,None,8,1725,1750,232,220,None,0.036679,0.000247,16.66125,0,0,0
NVIDIA GeForce,RTX 3000,GeForce RTX 3070,NVIDIA,GeForce RTX 3070,1160,None,8,1725,1750,267,220,None,0.036679,0.000247,16.66125,0,0,0
NVIDIA GeForce,RTX 3000,GeForce RTX 3070,ZOTAC,GAMING GeForce RTX 3070 AMP Holo,1195,RGB,8,1785,1750,291,240,None,0.036679,0.000247,16.66125,0,0,0
NVIDIA GeForce,RTX 3000,GeForce RTX 3070,ZOTAC,GAMING GeForce RTX 3070 Twin Edge OC,1125,White,8,1755,1750,232,220,None,0.036679,0.000247,16.66125,0,0,0
NVIDIA GeForce,RTX 3000,GeForce RTX 3070,ZOTAC,GAMING GeForce RTX 3070 Twin Edge OC White Edition,1125,White,8,1755,1750,232,220,None,0.036679,0.000247,16.66125,0,0,0
NVIDIA GeForce,RTX 3000,GeForce RTX 3070,CORSAIR,GeForce RTX 3070 | Corsair Hydro X Series XG7 STRIX RGB,1450,RGB,8,1725,1750,285,220,None,0.036679,0.000247,16.66125,0,0,0
NVIDIA GeForce,RTX 3000,GeForce RTX 3070 Ti,NVIDIA,GeForce RTX 3070 Ti Founders Edition,1160,None,8,1770,1188,267,290,None,0.058954,0.003138,-23.3698,0,0,0
NVIDIA GeForce,RTX 3000,GeForce RTX 3070 Ti,ZOTAC,GAMING GeForce RTX 3070 Ti AMP Holo,1265,RGB,8,1830,1188,317,310,None,0.058954,0.003138,-23.3698,0,0,0
NVIDIA GeForce,RTX 3000,GeForce RTX 3080,ASUS,TUF Gaming GeForce RTX 3080 O10G,1445,RGB,10,1815,1188,299,320,None,0.029755,0.000901,44.22204,0,0,0
NVIDIA GeForce,RTX 3000,GeForce RTX 3080,Colorful,GeForce RTX 3080 NB 10G-V,1335,RGB,10,1710,1188,310,370,None,0.029755,0.000901,44.22204,0,0,0
NVIDIA GeForce,RTX 3000,GeForce RTX 3080,Colorful,iGame GeForce RTX 3080 Advanced 10G-V,1335,RGB,10,1710,1188,315,320,None,0.029755,0.000901,44.22204,0,0,0
NVIDIA GeForce,RTX 3000,GeForce RTX 3080,Colorful,iGame GeForce RTX 3080 Ultra OC 10G-V,1355,RGB,10,1755,1188,310,320,None,0.029755,0.000901,44.22204,0,0,0
NVIDIA GeForce,RTX 3000,GeForce RTX 3080,Colorful,iGame GeForce RTX 3080 Vulcan OC 10G-V,1370,RGB,10,1800,1188,323,370,None,0.029755,0.000901,44.22204,0,0,0
NVIDIA GeForce,RTX 3000,GeForce RTX 3080,EVGA,GeForce RTX 3080 FTW3 ULTRA GAMING,1310,RGB,10,1800,1188,300,320,None,0.029755,0.000901,44.22204,0,0,0
NVIDIA GeForce,RTX 3000,GeForce RTX 3080,EVGA,GeForce RTX 3080 XC3 ULTRA GAMING,1295,RGB,10,1755,1188,285,320,None,0.029755,0.000901,44.22204,0,0,0
NVIDIA GeForce,RTX 3000,GeForce RTX 3080,MSI,GeForce RTX™ 3080 SUPRIM X 10G,1565,RGB,10,1905,1188,336,320,None,0.029755,0.000901,44.22204,0,0,0
NVIDIA GeForce,RTX 3000,GeForce RTX 3080,NVIDIA,GeForce RTX 3080,1275,None,10,1710,1188,285,320,None,0.029755,0.000901,44.22204,0,0,0
NVIDIA GeForce,RTX 3000,GeForce RTX 3080,ZOTAC,GAMING GeForce RTX 3080 Trinity,1400,RGB,10,1710,1188,317,320,None,0.029755,0.000901,44.22204,0,0,0
NVIDIA GeForce,RTX 3000,GeForce RTX 3080,CORSAIR,GeForce RTX 3080 | Corsair Hydro X Series XG7 REFERENCE RGB,1700,RGB,10,1710,1188,240,320,None,0.029755,0.000901,44.22204,0,0,0
NVIDIA GeForce,RTX 3000,GeForce RTX 3080,CORSAIR,GeForce RTX 3080 | Corsair Hydro X Series XG7 STRIX RGB,1700,RGB,10,1710,1188,285,320,None,0.029755,0.000901,44.22204,0,0,0
NVIDIA GeForce,RTX 3000,GeForce RTX 3080,CORSAIR,GeForce RTX 3080 | Corsair Hydro X Series XG7 VENTUS RGB,1700,RGB,10,1710,1188,258,320,None,0.029755,0.000901,44.22204,0,0,0
NVIDIA GeForce,RTX 3000,GeForce RTX 3080,CORSAIR,GeForce RTX 3080 FE | Corsair Hydro X Series XG7 RGB,1700,RGB,10,1710,1188,200,320,None,0.029755,0.000901,44.22204,0,0,0
NVIDIA GeForce,RTX 3000,GeForce RTX 3080,EVGA,GeForce RTX 3080 FTW3 ULTRA HYDRO COPPER GAMING,1800,RGB,10,1800,1188,289,320,None,0.029755,0.000901,44.22204,0,0,0
NVIDIA GeForce,RTX 3000,GeForce RTX 3080,EVGA,GeForce RTX 3080 XC3 ULTRA HYDRO COPPER GAMING,1750,RGB,10,1755,1188,263,320,None,0.029755,0.000901,44.22204,0,0,0
NVIDIA GeForce,RTX 3000,GeForce RTX 3080 Ti,NVIDIA,GeForce RTX 3080 Ti Founders Edition,1555,White,12,1665,1188,285,350,None,0.026233,0.045869,20.12464,0,0,0
NVIDIA GeForce,RTX 3000,GeForce RTX 3080 Ti,ZOTAC,GAMING GeForce RTX 3080 Ti AMP Holo,1805,RGB,12,1710,1188,318,350,None,0.026233,0.045869,20.12464,0,0,0
NVIDIA GeForce,RTX 3000,GeForce RTX 3080 Ti,ZOTAC,GAMING GeForce RTX 3080 Ti Trinity OC,1725,RGB,12,1725,1188,317,350,None,0.026233,0.045869,20.12464,0,0,0
NVIDIA GeForce,RTX 3000,GeForce RTX 3080 Ti,ZOTAC,GAMING GeForce RTX 3080 Trinity OC White Edition,1410,RGB,10,1740,1188,317,350,None,0.026233,0.045869,20.12464,0,0,0
NVIDIA GeForce,RTX 3000,GeForce RTX 3090,ASUS,ROG Strix GeForce RTX 3090 O24G,1700,RGB,24,1860,1219,318,350,SLI,0.025237,0.035803,32.83273,0.049293,0.101481,-1.17649
NVIDIA GeForce,RTX 3000,GeForce RTX 3090,Colorful,GeForce RTX 3090 NB-V,1805,RGB,24,1695,1219,310,350,SLI,0.025237,0.035803,32.83273,0.049293,0.101481,-1.17649
NVIDIA GeForce,RTX 3000,GeForce RTX 3090,Colorful,iGame GeForce RTX 3090 Advanced OC-V,1825,RGB,24,1755,1219,315,350,SLI,0.025237,0.035803,32.83273,0.049293,0.101481,-1.17649
NVIDIA GeForce,RTX 3000,GeForce RTX 3090,EVGA,GeForce RTX 3090 FTW3 ULTRA GAMING,1605,RGB,24,1800,1219,300,350,SLI,0.025237,0.035803,32.83273,0.049293,0.101481,-1.17649
NVIDIA GeForce,RTX 3000,GeForce RTX 3090,EVGA,GeForce RTX 3090 XC3 ULTRA GAMING,1580,RGB,24,1725,1219,285,350,SLI,0.025237,0.035803,32.83273,0.049293,0.101481,-1.17649
NVIDIA GeForce,RTX 3000,GeForce RTX 3090,MSI,GeForce RTX™ 3090 GAMING X TRIO 24G,1840,RGB,24,1785,1219,323,370,SLI,0.025237,0.035803,32.83273,0.049293,0.101481,-1.17649
NVIDIA GeForce,RTX 3000,GeForce RTX 3090,MSI,GeForce RTX™ 3090 SUPRIM X 24G,1870,RGB,24,1860,1219,336,350,SLI,0.025237,0.035803,32.83273,0.049293,0.101481,-1.17649
NVIDIA GeForce,RTX 3000,GeForce RTX 3090,MSI,GeForce RTX™ 3090 VENTUS 3X 24G OC,1815,None,24,1725,1219,305,350,SLI,0.025237,0.035803,32.83273,0.049293,0.101481,-1.17649
NVIDIA GeForce,RTX 3000,GeForce RTX 3090,NVIDIA,GeForce RTX 3090,1570,None,24,1695,1219,313,350,SLI,0.025237,0.035803,32.83273,0.049293,0.101481,-1.17649
NVIDIA GeForce,RTX 3000,GeForce RTX 3090,ZOTAC,GAMING GeForce RTX 3090 AMP Core Holo,1825,RGB,24,1755,1219,328,350,SLI,0.025237,0.035803,32.83273,0.049293,0.101481,-1.17649
NVIDIA GeForce,RTX 3000,GeForce RTX 3090,CORSAIR,GeForce RTX 3090 | Corsair Hydro X Series XG7 REFERENCE RGB,1900,RGB,24,1695,1219,240,350,SLI,0.025237,0.035803,32.83273,0.049293,0.101481,-1.17649
NVIDIA GeForce,RTX 3000,GeForce RTX 3090,CORSAIR,GeForce RTX 3090 | Corsair Hydro X Series XG7 STRIX RGB,1900,RGB,24,1695,1219,285,350,SLI,0.025237,0.035803,32.83273,0.049293,0.101481,-1.17649
NVIDIA GeForce,RTX 3000,GeForce RTX 3090,CORSAIR,GeForce RTX 3090 | Corsair Hydro X Series XG7 VENTUS RGB,1900,RGB,24,1695,1219,258,350,SLI,0.025237,0.035803,32.83273,0.049293,0.101481,-1.17649
NVIDIA GeForce,RTX 3000,GeForce RTX 3090,CORSAIR,GeForce RTX 3090 FE | Corsair Hydro X Series XG7 RGB,1900,RGB,24,1695,1219,200,350,SLI,0.025237,0.035803,32.83273,0.049293,0.101481,-1.17649
NVIDIA GeForce,RTX 3000,GeForce RTX 3090,EVGA,GeForce RTX 3090 FTW3 ULTRA HYDRO COPPER GAMING,2000,RGB,24,1800,1219,289,350,SLI,0.025237,0.035803,32.83273,0.049293,0.101481,-1.17649
NVIDIA GeForce,RTX 3000,GeForce RTX 3090,EVGA,GeForce RTX 3090 XC3 ULTRA HYDRO COPPER GAMING,1950,RGB,24,1725,1219,263,350,SLI,0.025237,0.035803,32.83273,0.049293,0.101481,-1.17649
NVIDIA GeForce,RTX 3000,GeForce RTX 3090,ZOTAC,GAMING GeForce RTX 3090 ArcticStorm,1900,RGB,24,1695,1219,303,350,SLI,0.025237,0.035803,32.83273,0.049293,0.101481,-1.17649
AMD Radeon,R5/R7/R9 200,Radeon R9 280,DFL,Radeon R9 280 GR8 3G,160,None,3,933,1250,147,200,CrossFire,0.010059,0.002164,1.960358,0.005652,0.006816,14.22857
AMD Radeon,R5/R7/R9 200,Radeon R9 280,MSI,Radeon R9 280 GAMING 3G,170,None,3,1000,1250,269,200,CrossFire,0.010059,0.002164,1.960358,0.005652,0.006816,14.22857
AMD Radeon,R5/R7/R9 200,Radeon R9 280,MSI,Radeon R9 280 GAMING 3G LE,165,None,3,959,1250,269,200,CrossFire,0.010059,0.002164,1.960358,0.005652,0.006816,14.22857
AMD Radeon,R5/R7/R9 200,Radeon R9 290,DFL,Radeon R9 290 GR8,300,None,4,947,1250,147,275,CrossFire,0.018288,0.002945,3.655719,0.034822,0.006114,8.824424
AMD Radeon,R5/R7/R9 200,Radeon R9 290,DFL,Radeon R9 290 GR8TOR,325,None,4,1000,1250,147,275,CrossFire,0.018288,0.002945,3.655719,0.034822,0.006114,8.824424
AMD Radeon,R5/R7/R9 300,Radeon R9 370,MSI,Radeon R9 370 GAMING 2G,115,White,2,1030,1400,258,110,CrossFire,0.010494,0.000604,-1.14691,0.017133,0,5.590669
AMD Radeon,R5/R7/R9 300,Radeon R9 370,MSI,Radeon R9 370 GAMING 4G,120,White,4,1070,1425,258,110,CrossFire,0.010494,0.000604,-1.14691,0.017133,0,5.590669
AMD Radeon,R5/R7/R9 300,Radeon R9 380,MSI,Radeon R9 380 GAMING 2G,215,White,2,980,1425,268,190,CrossFire,0.013626,0.001814,2.379329,0.028033,0.002375,5.46382
AMD Radeon,R5/R7/R9 300,Radeon R9 380,MSI,Radeon R9 380 GAMING 4G,215,White,4,980,1425,268,190,CrossFire,0.013626,0.001814,2.379329,0.028033,0.002375,5.46382
AMD Radeon,R5/R7/R9 300,Radeon R9 390,MSI,Radeon R9 390 GAMING 8G,350,White,8,1060,1525,277,275,CrossFire,0.02047,0.001108,4.489738,0.052746,0.004899,-7.99316
AMD Radeon,R5/R7/R9 300,Radeon R9 390,MSI,Radeon R9 390 GAMING 8G LE,340,White,8,1010,1500,277,275,CrossFire,0.02047,0.001108,4.489738,0.052746,0.004899,-7.99316
AMD Radeon,R5/R7/R9 300,Radeon R9 390X,MSI,Radeon R9 390X GAMING 8G,395,White,8,1100,1525,277,275,CrossFire,0.020239,0.000167,7.339774,0.047282,0.004736,-0.47497
AMD Radeon,R5/R7/R9 300,Radeon R9 390X,MSI,Radeon R9 390X GAMING 8G LE,385,White,8,1060,1500,277,275,CrossFire,0.020239,0.000167,7.339774,0.047282,0.004736,-0.47497
AMD Radeon,RX 400,Radeon RX 470,MSI,Radeon RX 470 GAMING 4G,295,RGB,4,1218,1650,276,120,CrossFire,0.013822,0.004227,0.013516,0.006188,0,40.83006
AMD Radeon,RX 400,Radeon RX 470,MSI,Radeon RX 470 GAMING 8G,295,RGB,8,1218,1650,276,120,CrossFire,0.013822,0.004227,0.013516,0.006188,0,40.83006
AMD Radeon,RX 400,Radeon RX 470,MSI,Radeon RX 470 GAMING X 4G,300,RGB,4,1242,1650,276,120,CrossFire,0.013822,0.004227,0.013516,0.006188,0,40.83006
AMD Radeon,RX 400,Radeon RX 470,MSI,Radeon RX 470 GAMING X 8G,300,RGB,8,1242,1650,276,120,CrossFire,0.013822,0.004227,0.013516,0.006188,0,40.83006
AMD Radeon,RX 400,Radeon RX 480,MSI,Radeon RX 480 GAMING 4G,340,RGB,4,1279,1750,276,150,CrossFire,0.018106,0.003184,-2.42658,0.039075,0.004634,-6.96419
AMD Radeon,RX 400,Radeon RX 480,MSI,Radeon RX 480 GAMING 8G,350,RGB,8,1279,2000,276,150,CrossFire,0.018106,0.003184,-2.42658,0.039075,0.004634,-6.96419
AMD Radeon,RX 400,Radeon RX 480,MSI,Radeon RX 480 GAMING X 4G,345,RGB,4,1303,1750,276,150,CrossFire,0.018106,0.003184,-2.42658,0.039075,0.004634,-6.96419
AMD Radeon,RX 400,Radeon RX 480,MSI,Radeon RX 480 GAMING X 8G,355,RGB,8,1303,2000,276,150,CrossFire,0.018106,0.003184,-2.42658,0.039075,0.004634,-6.96419
AMD Radeon,RX 500,Radeon RX560,ASRock,Phantom Gaming Radeon RX560 4G,155,None,4,1223,1757,170,75,CrossFire,0.007928,0.000358,2.464616,0.020416,0.001331,-2.39274
AMD Radeon,RX 500,Radeon RX560,ASUS,Radeon RX 560,160,None,4,1275,1750,220,75,CrossFire,0.007928,0.000358,2.464616,0.020416,0.001331,-2.39274
AMD Radeon,RX 500,Radeon RX560,ASUS,ROG Strix Radeon RX 560 OC Edition,165,RGB,4,1326,1750,194,75,CrossFire,0.007928,0.000358,2.464616,0.020416,0.001331,-2.39274
AMD Radeon,RX 500,Radeon RX570,ASUS,Expedition Radeon RX 570 OC Edition,320,None,4,1256,1750,240,120,CrossFire,0.01285,0.000352,8.34888,0.021136,0.009439,4.345421
AMD Radeon,RX 500,Radeon RX570,ASUS,ROG Strix Radeon RX 570 8G,320,RGB,8,1254,1750,240,120,CrossFire,0.01285,0.000352,8.34888,0.021136,0.009439,4.345421
AMD Radeon,RX 500,Radeon RX570,ASUS,ROG Strix Radeon RX 570 8G OC Edition,330,RGB,8,1310,1750,240,120,CrossFire,0.01285,0.000352,8.34888,0.021136,0.009439,4.345421
AMD Radeon,RX 500,Radeon RX570,ASUS,ROG Strix Radeon RX 570 OC Edition,330,RGB,4,1300,1750,240,120,CrossFire,0.01285,0.000352,8.34888,0.021136,0.009439,4.345421
AMD Radeon,RX 500,Radeon RX570,GIGABYTE,AORUS Radeon RX570 4G,325,RGB,4,1295,1750,232,120,CrossFire,0.01285,0.000352,8.34888,0.021136,0.009439,4.345421
AMD Radeon,RX 500,Radeon RX570,MSI,Radeon RX 570 GAMING 4G,320,RGB,4,1268,1750,276,120,CrossFire,0.01285,0.000352,8.34888,0.021136,0.009439,4.345421
AMD Radeon,RX 500,Radeon RX570,MSI,Radeon RX 570 GAMING 8G,320,RGB,8,1268,1750,276,120,CrossFire,0.01285,0.000352,8.34888,0.021136,0.009439,4.345421
AMD Radeon,RX 500,Radeon RX570,MSI,Radeon RX 570 GAMING X 4G,325,RGB,4,1293,1775,276,120,CrossFire,0.01285,0.000352,8.34888,0.021136,0.009439,4.345421
AMD Radeon,RX 500,Radeon RX570,MSI,Radeon RX 570 GAMING X 8G,325,RGB,8,1293,1775,276,120,CrossFire,0.01285,0.000352,8.34888,0.021136,0.009439,4.345421
AMD Radeon,RX 500,Radeon RX580,ASRock,Phantom Gaming D Radeon RX580 8G OC,390,None,8,1370,2000,237,185,CrossFire,0.013601,0.001703,7.02402,0.027248,0.00328,13.44563
AMD Radeon,RX 500,Radeon RX580,ASRock,Phantom Gaming X Radeon RX580 8G OC,395,None,8,1380,2000,279,185,CrossFire,0.013601,0.001703,7.02402,0.027248,0.00328,13.44563
AMD Radeon,RX 500,Radeon RX580,ASUS,AREZ Strix Radeon RX 580,385,RGB,8,1340,2000,298,185,CrossFire,0.013601,0.001703,7.02402,0.027248,0.00328,13.44563
AMD Radeon,RX 500,Radeon RX580,ASUS,Dual Series Radeon RX 580 OC Edition,390,None,8,1360,2000,242,185,CrossFire,0.013601,0.001703,7.02402,0.027248,0.00328,13.44563
AMD Radeon,RX 500,Radeon RX580,GIGABYTE,AORUS Radeon RX580 4G,390,RGB,4,1380,1750,232,185,CrossFire,0.013601,0.001703,7.02402,0.027248,0.00328,13.44563
AMD Radeon,RX 500,Radeon RX580,GIGABYTE,AORUS Radeon RX580 8G,395,RGB,8,1380,2000,232,185,CrossFire,0.013601,0.001703,7.02402,0.027248,0.00328,13.44563
AMD Radeon,RX 500,Radeon RX580,MSI,Radeon RX 580 GAMING 4G,385,RGB,4,1366,1750,276,185,CrossFire,0.013601,0.001703,7.02402,0.027248,0.00328,13.44563
AMD Radeon,RX 500,Radeon RX580,MSI,Radeon RX 580 GAMING 8G,390,RGB,8,1366,2000,276,185,CrossFire,0.013601,0.001703,7.02402,0.027248,0.00328,13.44563
AMD Radeon,RX 500,Radeon RX580,MSI,Radeon RX 580 GAMING X 4G,390,RGB,4,1393,1775,276,185,CrossFire,0.013601,0.001703,7.02402,0.027248,0.00328,13.44563
AMD Radeon,RX 500,Radeon RX580,MSI,Radeon RX 580 GAMING X 8G,395,RGB,8,1393,2025,276,185,CrossFire,0.013601,0.001703,7.02402,0.027248,0.00328,13.44563
AMD Radeon,RX 500,Radeon RX580,MSI,Radeon RX 580 GAMING X+ 8G,405,RGB,8,1441,2025,279,185,CrossFire,0.013601,0.001703,7.02402,0.027248,0.00328,13.44563
AMD Radeon,RX 500,Radeon RX580,MSI,Radeon RX 580 GAMING+ 8G,405,RGB,8,1431,2000,279,185,CrossFire,0.013601,0.001703,7.02402,0.027248,0.00328,13.44563
AMD Radeon,RX 500,Radeon RX590,ASRock,Phantom Gaming X Radeon RX590 8G OC,400,None,8,1591,2008,279,175,CrossFire,0.013601,0.001703,7.02402,0.027248,0.00328,13.44563
AMD Radeon,RX Vega,Radeon RX VEGA 56,AMD,Radeon RX Vega 56,580,Red,8,1471,800,283,210,CrossFire,0.008593,0.015392,18.69885,0.018116,0.036929,23.44976
AMD Radeon,RX Vega,Radeon RX VEGA 56,ASRock,Phantom Gaming X Radeon RX VEGA 56 8G,605,None,8,1474,800,280,210,CrossFire,0.008593,0.015392,18.69885,0.018116,0.036929,23.44976
AMD Radeon,RX Vega,Radeon RX VEGA 56,ASUS,AREZ Strix Radeon RX VEGA 56 OC Edition,615,RGB,8,1573,800,298,210,CrossFire,0.008593,0.015392,18.69885,0.018116,0.036929,23.44976
AMD Radeon,RX Vega,Radeon RX VEGA 56,AMD,Radeon Vega 56 | EKWB EK-FC Acetal,730,None,8,1474,800,258,210,CrossFire,0.008593,0.015392,18.69885,0.018116,0.036929,23.44976
AMD Radeon,RX Vega,Radeon RX VEGA 56,AMD,Radeon Vega 56 | EKWB EK-FC Plexi,730,None,8,1474,800,258,210,CrossFire,0.008593,0.015392,18.69885,0.018116,0.036929,23.44976
AMD Radeon,RX Vega,Radeon RX VEGA 56,AMD,Radeon Vega 56 | EKWB EK-FC Plexi RGB,780,RGB,8,1474,800,258,210,CrossFire,0.008593,0.015392,18.69885,0.018116,0.036929,23.44976
AMD Radeon,RX Vega,Radeon RX VEGA 64,AMD,Radeon RX Vega 64,660,Red,8,1546,945,283,295,CrossFire,0.011436,0.018545,12.78417,0.038604,0.026296,3.307731
AMD Radeon,RX Vega,Radeon RX VEGA 64,ASUS,ROG Strix RX VEGA64 OC Edition,665,RGB,8,1590,945,298,295,CrossFire,0.011436,0.018545,12.78417,0.038604,0.026296,3.307731
AMD Radeon,RX Vega,Radeon RX VEGA 64,AMD,Radeon Vega 64 | EKWB EK-FC Acetal,810,None,8,1536,945,258,295,CrossFire,0.011436,0.018545,12.78417,0.038604,0.026296,3.307731
AMD Radeon,RX Vega,Radeon RX VEGA 64,AMD,Radeon Vega 64 | EKWB EK-FC Plexi,810,None,8,1536,945,258,295,CrossFire,0.011436,0.018545,12.78417,0.038604,0.026296,3.307731
AMD Radeon,RX Vega,Radeon RX VEGA 64,AMD,Radeon Vega 64 | EKWB EK-FC Plexi RGB,960,RGB,8,1536,945,258,295,CrossFire,0.011436,0.018545,12.78417,0.038604,0.026296,3.307731
AMD Radeon,VII,Radeon VII,AMD,Radeon VII,840,Red,16,1750,1000,280,295,CrossFire,0.024516,0.005211,11.86176,0.059179,0.00259,8.50538
AMD Radeon,RX 5000,Radeon RX 5500 XT,ASUS,ROG Strix Radeon RX 5500 XT 8GB Gaming,400,RGB,8,1737,1750,280,130,None,0.013615,0.0000644,7.777,0,0,0
AMD Radeon,RX 5000,Radeon RX 5500 XT,GIGABYTE,Radeon RX 5500 XT GAMING OC 8G,390,None,8,1680,1750,265,130,None,0.013615,0.0000644,7.777,0,0,0
AMD Radeon,RX 5000,Radeon RX 5500 XT,GIGABYTE,Radeon RX 5500 XT OC 8G,365,None,8,1733,1750,225,130,None,0.013615,0.0000644,7.777,0,0,0
AMD Radeon,RX 5000,Radeon RX 5500 XT,MSI,Radeon RX 5500 XT GAMING X 8G,380,RGB,8,1845,1750,247,130,None,0.013615,0.0000644,7.777,0,0,0
AMD Radeon,RX 5000,Radeon RX 5600 XT,ASUS,ROG Strix Radeon RX 5600 XT OC Edition 6GB,650,RGB,6,1770,1750,304,150,None,0.011128,0.012001,11.24457,0,0,0
AMD Radeon,RX 5000,Radeon RX 5600 XT,GIGABYTE,Radeon RX 5600 XT GAMING OC 6G,570,RGB,6,1620,1500,280,150,None,0.011128,0.012001,11.24457,0,0,0
AMD Radeon,RX 5000,Radeon RX 5600 XT,GIGABYTE,Radeon RX 5600 XT WINDFORCE OC 6G,570,None,6,1620,1500,228,150,None,0.011128,0.012001,11.24457,0,0,0
AMD Radeon,RX 5000,Radeon RX 5600 XT,MSI,Radeon RX 5600 XT GAMING X,585,RGB,6,1750,1500,297,150,None,0.011128,0.012001,11.24457,0,0,0
AMD Radeon,RX 5000,Radeon RX5700,AMD,Radeon RX 5700,750,Red,8,1725,1750,268,225,None,0.002977,0,48.56937,0,0,0
AMD Radeon,RX 5000,Radeon RX5700,ASUS,ROG Strix Radeon RX 5700 OC Edition 8GB,720,RGB,8,1750,1750,305,225,None,0.002977,0,48.56937,0,0,0
AMD Radeon,RX 5000,Radeon RX5700,GIGABYTE,Radeon RX 5700 GAMING OC 8G,685,RGB,8,1750,1750,280,225,None,0.002977,0,48.56937,0,0,0
AMD Radeon,RX 5000,Radeon RX5700,MSI,Radeon RX 5700 EVOKE GP OC,685,None,8,1750,1750,254,225,None,0.002977,0,48.56937,0,0,0
AMD Radeon,RX 5000,Radeon RX5700,MSI,Radeon RX 5700 GAMING X,750,RGB,8,1725,1750,297,225,None,0.002977,0,48.56937,0,0,0
AMD Radeon,RX 5000,Radeon RX5700 XT,AMD,Radeon RX 5700 XT,830,Red,8,1905,1750,272,180,None,0.00297,0.031197,-0.80584,0,0,0
AMD Radeon,RX 5000,Radeon RX5700 XT,ASUS,ROG Strix Radeon RX 5700 XT OC Edition 8GB,840,RGB,8,2035,1750,305,180,None,0.00297,0.031197,-0.80584,0,0,0
AMD Radeon,RX 5000,Radeon RX5700 XT,GIGABYTE,AORUS Radeon RX 5700 XT 8G,800,RGB,8,2010,1750,290,180,None,0.00297,0.031197,-0.80584,0,0,0
AMD Radeon,RX 5000,Radeon RX5700 XT,GIGABYTE,Radeon RX 5700 XT GAMING OC 8G,795,RGB,8,1905,1750,280,180,None,0.00297,0.031197,-0.80584,0,0,0
AMD Radeon,RX 5000,Radeon RX5700 XT,MSI,Radeon RX 5700 XT GAMING X,830,RGB,8,1980,1750,297,180,None,0.00297,0.031197,-0.80584,0,0,0
AMD Radeon,RX 5000,Radeon RX5700 XT,MSI,Radeon RX 5700 XT Mech OC,830,None,8,1925,1750,232,180,None,0.00297,0.031197,-0.80584,0,0,0
AMD Radeon,RX 6000,Radeon RX 6700 XT,ASRock,Radeon RX 6700 XT Phantom Gaming D 12GB OC,1085,RGB,12,2622,2000,305,230,CrossFire,0.020049,0.002147,22.34231,0.101783,0.023107,-160.979
AMD Radeon,RX 6000,Radeon RX 6800,AMD,Radeon RX 6800,1315,Red,16,1815,2000,267,250,CrossFire,0.029363,0.000177,33.93681,0.051952,0.234271,-430.301
AMD Radeon,RX 6000,Radeon RX 6800,ASRock,Radeon RX 6800 Phantom Gaming D 16G OC,1190,RGB,16,1980,2000,305,250,CrossFire,0.029363,0.000177,33.93681,0.051952,0.234271,-430.301
AMD Radeon,RX 6000,Radeon RX 6800,MSI,Radeon RX 6800 GAMING TRIO 16G,1245,RGB,16,1815,2000,324,250,CrossFire,0.029363,0.000177,33.93681,0.051952,0.234271,-430.301
AMD Radeon,RX 6000,Radeon RX 6800,MSI,Radeon RX 6800 GAMING X TRIO 16G,1290,RGB,16,1925,2000,324,250,CrossFire,0.029363,0.000177,33.93681,0.051952,0.234271,-430.301
AMD Radeon,RX 6000,Radeon RX 6800 XT,AMD,Radeon RX 6800 XT,1575,RGB,16,2015,2000,267,300,CrossFire,0.026364,0.000178,54.67308,0.212636,0.157119,-609.238
AMD Radeon,RX 6000,Radeon RX 6800 XT,ASRock,Radeon RX 6800 XT Phantom Gaming D 16G OC,1470,RGB,16,2065,2000,330,300,CrossFire,0.026364,0.000178,54.67308,0.212636,0.157119,-609.238
AMD Radeon,RX 6000,Radeon RX 6800 XT,ASRock,Radeon RX 6800 XT Taichi X 16G OC,1590,RGB,16,2360,2000,330,300,CrossFire,0.026364,0.000178,54.67308,0.212636,0.157119,-609.238
AMD Radeon,RX 6000,Radeon RX 6800 XT,MSI,Radeon RX 6800 XT GAMING TRIO 16G,1540,RGB,16,2015,2000,324,300,CrossFire,0.026364,0.000178,54.67308,0.212636,0.157119,-609.238
AMD Radeon,RX 6000,Radeon RX 6800 XT,MSI,Radeon RX 6800 XT GAMING X TRIO 16G,1550,RGB,16,2045,2000,324,300,CrossFire,0.026364,0.000178,54.67308,0.212636,0.157119,-609.238
AMD Radeon,RX 6000,Radeon RX 6800 XT,CORSAIR,Radeon RX 6800 XT | Corsair Hydro Series XG7 RGB,1600,RGB,16,1850,2000,263,300,CrossFire,0.026364,0.000178,54.67308,0.212636,0.157119,-609.238
AMD Radeon,RX 6000,Radeon RX 6900 XT,AMD,Radeon RX 6900 XT,1695,RGB,16,2015,2000,267,300,CrossFire,0.026054,0.011659,38.30114,0.15178,0.00324,-161.062
AMD Radeon,RX 6000,Radeon RX 6900 XT,ASRock,Radeon RX 6900 XT Phantom Gaming D 16G OC,1540,RGB,16,2105,2000,330,300,CrossFire,0.026054,0.011659,38.30114,0.15178,0.00324,-161.062
AMD Radeon,RX 6000,Radeon RX 6900 XT,MSI,Radeon RX 6900 XT GAMING TRIO 16G,1695,RGB,16,2015,2000,324,300,CrossFire,0.026054,0.011659,38.30114,0.15178,0.00324,-161.062
AMD Radeon,RX 6000,Radeon RX 6900 XT,MSI,Radeon RX 6900 XT GAMING X TRIO 16G,1730,RGB,16,2105,2000,324,300,CrossFire,0.026054,0.011659,38.30114,0.15178,0.00324,-161.062
AMD Radeon,RX 6000,Radeon RX 6900 XT,CORSAIR,Radeon RX 6900 XT | Corsair Hydro Series XG7 RGB,1700,RGB,16,1900,2000,263,300,CrossFire,0.026054,0.011659,38.30114,0.15178,0.00324,-161.062
