Part Type,Manufacturer,Part Name,HEM,In Shop,Price,Sell Price,Level,Level %,Steam Version,Platform Lock,Is DLC,Lighting,Chipset,CPU Socket,Size,RAM Type,Max RAM Speed Step,Support CrossFire,Support SLI,Dual GPU Max Slot Size,Can Overclock,M.2 Slots,M.2 Slots Supporting Heatsinks,RAM Slots,SATA Slots Usable,SATA Slots Visible,Included CPU Block,Default RAM Speed,RAM Speed Steps,Min RAM Speed Step,Base Clock,Custom BIOS Logo,DLC2 Random Jobs,Asset Path,Full Part Name
Motherboard,ASRock,B450 Steel Legend,,Y,110,37,18,40,1.5,PC,,RGB,B450,AM4,S-ATX,DDR4,3466,Y,Y,3,Y,2,1,4,6,6,,2666,"2133,2400,2666,2933,3200,3466",2133,100,,,Prefabs/MotherBoards/Asrock/MB_ASRock_B450_Steel_Legend,ASRock B450 Steel Legend
Motherboard,ASRock,B450M Steel Legend,,Y,90,30,18,40,1.5,PC,,RGB,B450,AM4,Micro-ATX,DDR4,3466,Y,Y,2,Y,2,2,4,4,4,,2666,"2133,2400,2666,2933,3200,3466",2133,100,,,Prefabs/MotherBoards/Asrock/MB_ASRock_B450_M_Steel_Legend,ASRock B450M Steel Legend
Motherboard,ASRock,B550 Pro4,,Y,115,38,32,60,1.14,PC,,RGB,B550,AM4,S-ATX,DDR4,4733,Y,Y,4,Y,2,0,4,6,6,,3200,"2133,2400,2667,2933,3200,3466,3600,3733,3800,3866,4000,4133,4200,4266,4333,4400,4466,4533,4600,4666,4733",2133,100,,,v1_14_0/Prefabs/Motherboards/ASRock/MB_ASRock_B550_Pro4,ASRock B550 Pro4
Motherboard,ASRock,B550M-ITX/ac,,Y,260,87,32,60,1.14,PC,,,B550,AM4,Mini-ITX,DDR4,4733,,,,Y,1,0,2,4,4,,3200,"2133,2400,2667,2933,3200,3466,3600,3733,3800,3866,4000,4133,4200,4266,4333,4400,4466,4533,4600,4666,4733",2133,100,,,v1_14_0/Prefabs/Motherboards/ASRock/MB_ASRock_B550M_ITXac,ASRock B550M-ITX/ac
Motherboard,ASRock,TRX40 Taichi,,Y,500,167,31,60,1.14,PC,,RGB,TRX40,sTRX4,S-ATX,DDR4,4666,Y,Y,3,Y,2,0,8,6,6,,3200,"2133,2400,2667,2933,3200,3466,3600,3733,3800,3866,4000,4133,4200,4266,4333,4400,4466,4533,4600,4666",2133,100,,Exclude,v1_14_0/Prefabs/Motherboards/ASRock/MB_ASRock_TRX40_Taichi,ASRock TRX40 Taichi
Motherboard,ASRock,X570 Extreme4,,Y,240,80,30,60,1.14,PC,,RGB,X570,AM4,S-ATX,DDR4,4666,Y,Y,4,Y,2,0,4,6,8,,3200,"2133,2400,2667,2933,3200,3466,3600,3733,3800,3866,4000,4133,4200,4266,4300,4400,4666",2133,100,,,v1_14_0/Prefabs/Motherboards/ASRock/MB_ASRock_X570_Extreme4,ASRock X570 Extreme4
Motherboard,ASRock,X570 Pro4,,Y,170,57,30,60,1.14,PC,,,X570,AM4,S-ATX,DDR4,4666,Y,,4,Y,3,2,4,6,6,,3200,"2133,2400,2667,2933,3200,3466,3600,3733,3800,3866,4000,4133,4200,4266,4300,4400,4666",2133,100,,,v1_14_0/Prefabs/Motherboards/ASRock/MB_ASRock_X570_Pro4,ASRock X570 Pro4
Motherboard,ASRock,Z390 Extreme 4,,Y,180,60,21,30,1.5,PC,,RGB,Z390,LGA 1151 (Coffee Lake),S-ATX,DDR4,4333,Y,Y,3,Y,2,1,4,6,8,,2666,"2133,2400,2666,2800,2933,3200,3600,3733,3800,3866,4000,4133,4266,4333",2133,100,,,Prefabs/MotherBoards/Asrock/MB_Z390_Extreme4,ASRock Z390 Extreme 4
Motherboard,ASRock,Z390 Phantom Gaming 4,,Y,140,47,21,30,1.5,PC,,,Z390,LGA 1151 (Coffee Lake),S-ATX,DDR4,4300,Y,Y,3,Y,2,1,4,6,6,,2666,"2133,2400,2666,2800,2933,3200,3600,3733,3800,3866,4000,4133,4300",2133,100,,,Prefabs/MotherBoards/Asrock/MB_ASRock_Z390_Phantom_Gaming_4,ASRock Z390 Phantom Gaming 4
Motherboard,ASRock,Z390 Phantom Gaming 6,,Y,195,65,21,60,1.5,PC,,RGB,Z390,LGA 1151 (Coffee Lake),S-ATX,DDR4,4300,Y,Y,3,Y,2,1,4,6,8,,2666,"2133,2400,2666,2800,2933,3200,3600,3733,3800,3866,4000,4133,4266,4300",2133,100,,,Prefabs/MotherBoards/Asrock/MB_Asrock_Z390_Gaming_6,ASRock Z390 Phantom Gaming 6
Motherboard,ASRock,Z390 Phantom Gaming 9,,Y,270,90,21,30,1.5,PC,,RGB,Z390,LGA 1151 (Coffee Lake),S-ATX,DDR4,4266,Y,Y,3,Y,3,2,4,6,8,,2666,"2133,2400,2666,2800,2933,3200,3600,3733,3800,3866,4000,4133,4266",2133,100,,,Prefabs/MotherBoards/Asrock/MB_Z390_Phantom_Gaming_9,ASRock Z390 Phantom Gaming 9
Motherboard,ASRock,Z390 Phantom Gaming ITX/ac,,Y,190,63,26,40,1.5,PC,,RGB,Z390,LGA 1151 (Coffee Lake),Mini-ITX,DDR4,4500,,,,Y,2,0,2,4,4,,2666,"2133,2400,2666,2800,2933,3200,3600,3733,3800,3866,4000,4133,4266,4333,4500",2133,100,,,Prefabs/MotherBoards/Asrock/MB_MSH_Z390_Phantom Gaming-ITX-ac,ASRock Z390 Phantom Gaming ITX/ac
Motherboard,ASRock,Z390 Phantom Gaming SLI/ac,,Y,170,57,20,40,1.5,PC,,RGB,Z390,LGA 1151 (Coffee Lake),S-ATX,DDR4,4300,Y,Y,3,Y,2,1,4,6,6,,2666,"2133,2400,2666,2800,2933,3200,3600,3733,3800,3866,4000,4133,4266,4300",2133,100,,,Prefabs/MotherBoards/Asrock/MB_ASRock_Z390_PhantomGaming_SLI_ac,ASRock Z390 Phantom Gaming SLI/ac
Motherboard,ASRock,Z390 Pro4,,Y,135,45,20,80,1.5,PC,,,Z390,LGA 1151 (Coffee Lake),S-ATX,DDR4,4300,Y,Y,3,Y,2,2,4,6,6,,2666,"2133,2400,2666,2800,2933,3200,3600,3733,3800,3866,4000,4133,4300",2133,100,,,Prefabs/MotherBoards/Asrock/MB_Asrock_Z390_Pro4,ASRock Z390 Pro4
Motherboard,ASRock,Z390 Taichi,,Y,240,80,22,60,1.5,PC,,RGB,Z390,LGA 1151 (Coffee Lake),S-ATX,DDR4,4200,Y,Y,3,Y,3,2,4,6,8,,2666,"2133,2400,2666,2800,2933,3200,3600,3733,3800,3866,4000,4133,4200",2133,100,,,Prefabs/MotherBoards/Asrock/MB_AsRock_Z390_Taichi,ASRock Z390 Taichi
Motherboard,ASRock,Z390 Taichi Ultimate,,Y,300,100,22,60,1.5,PC,,RGB,Z390,LGA 1151 (Coffee Lake),S-ATX,DDR4,4200,Y,Y,3,Y,3,2,4,6,8,,2666,"2133,2400,2666,2800,2933,3200,3600,3733,3800,3866,4000,4133,4200",2133,100,,,Prefabs/MotherBoards/Asrock/MB_Z390_TaichiUltimate,ASRock Z390 Taichi Ultimate
Motherboard,ASRock,Z390M Pro4,,Y,135,45,22,30,1.5,PC,,,Z390,LGA 1151 (Coffee Lake),Micro-ATX,DDR4,4300,Y,Y,3,Y,2,0,4,4,6,,2666,"2133,2400,2666,2800,2933,3200,3600,3733,3800,3866,4000,4133,4266,4300",2133,100,,,Prefabs/MotherBoards/Asrock/MB_Asrock_Z390M_Pro,ASRock Z390M Pro4
Motherboard,ASRock,Z390M-ITX/ac,,Y,150,50,22,30,1.5,PC,,,Z390,LGA 1151 (Coffee Lake),Mini-ITX,DDR4,4000,,,,Y,1,1,2,4,4,,2666,"2133,2400,2666,2800,2933,3200,3600,3733,3800,3866,4000",2133,100,,,Prefabs/MotherBoards/Asrock/MB_Z390M-ITX_ac,ASRock Z390M-ITX/ac
Motherboard,ASRock,Z590 Phantom Gaming 4,,Y,170,57,34,60,1.14,PC,,,Z590,LGA 1200,S-ATX,DDR4,4800,Y,,3,Y,3,3,4,6,6,,2666,"2133,2400,2666,2800,2933,3000,3200,3300,3333,3400,3466,3600,3666,3733,3800,3866,4000,4133,4266,4300,4400,4500,4600,4700,4800",2133,100,,,v1_14_0/Prefabs/Motherboards/ASRock/MB_ASRock_Z590_Phantom_Gaming_4,ASRock Z590 Phantom Gaming 4
Motherboard,ASRock,Z590M Phantom Gaming 4,,Y,150,50,34,60,1.14,PC,,,Z590,LGA 1200,Micro-ATX,DDR4,4800,,,,Y,2,2,4,2,4,,2666,"2133,2400,2666,2800,2933,3000,3200,3300,3333,3400,3466,3600,3666,3733,3800,3866,4000,4133,4266,4300,4400,4500,4600,4700,4800",2133,100,,,v1_14_0/Prefabs/Motherboards/ASRock/MB_ASRock_Z590M_Phantom_Gaming_4,ASRock Z590M Phantom Gaming 4
Motherboard,ASRock,Z590M-ITX/ax,,Y,290,97,34,60,1.14,PC,,,Z590,LGA 1200,Mini-ITX,DDR4,5066,,,,Y,2,0,2,4,4,,2666,"2133,2400,2666,2800,2933,3000,3200,3300,3333,3400,3466,3600,3666,3733,3800,3866,4000,4133,4266,4300,4400,4500,4600,4700,4800,4933,5066",2133,100,,,v1_14_0/Prefabs/Motherboards/ASRock/MB_ASRock_Z590M_ITXac,ASRock Z590M-ITX/ax
Motherboard,ASUS,PRIME X299-DELUXE,,Y,450,150,24,25,1.0,,,RGB,X299,LGA 2066,S-ATX,DDR4,4133,Y,Y,3,Y,1,0,8,6,6,,2400,"2133,2400,2666,3600,4000,4133",2133,100,,,Prefabs\MotherBoards\ASUS\ASUS_Prime_X299_Deluxe,ASUS PRIME X299-DELUXE
Motherboard,ASUS,PRIME X470-PRO,,Y,165,55,18,1,1.0,,,RGB,X470,AM4,S-ATX,DDR4,3600,Y,Y,3,Y,2,1,4,6,6,,2666,"2133,2400,2666,2800,2933,3000,3200,3466,3600",2133,100,,,Prefabs\MotherBoards\ASUS\ASUS_PRIME_X470_PRO,ASUS PRIME X470-PRO
Motherboard,ASUS,PRIME Z370-A,,Y,170,57,15,30,1.0,,,RGB,Z370,LGA 1151 (Coffee Lake),S-ATX,DDR4,4000,Y,Y,3,Y,2,1,4,6,6,,2666,"2133,2400,2666,2800,3000,3200,3300,3333,3400,3466,3600,3733,3866,4000",2133,100,,,Prefabs\MotherBoards\ASUS\ASUS_Prime_Z370_A,ASUS PRIME Z370-A
Motherboard,ASUS,ROG Crosshair VII Hero (WI-FI),,Y,275,92,20,30,1.0,,,RGB,X470,AM4,S-ATX,DDR4,3600,Y,Y,3,Y,2,0,4,6,6,,2666,"2133,2400,2666,2800,2933,3000,3200,3400,3466,3600",2133,100,,,Prefabs\MotherBoards\ASUS\ASUS_Crosshair_VII_Hero,ASUS ROG Crosshair VII Hero (WI-FI)
Motherboard,ASUS,ROG Maximus X Apex,,Y,400,133,27,50,1.0,,,RGB,Z370,LGA 1151 (Coffee Lake),E-ATX,DDR4,4500,Y,Y,4,Y,2,1,2,4,4,,2666,"2133,2400,2666,2800,3000,3200,3300,3333,3400,3466,3600,3733,3866,4000,4133,4200,4266,4333,4500",2133,100,,,Prefabs\MotherBoards\ASUS\ASUS_Maximus_X_Apex,ASUS ROG Maximus X Apex
Motherboard,ASUS,ROG Maximus X Code,,Y,280,93,21,50,1.0,,,RGB,Z370,LGA 1151 (Coffee Lake),S-ATX,DDR4,4133,Y,Y,3,Y,1,0,4,6,6,,2666,"2133,2400,2666,2800,3000,3200,3300,3333,3400,3466,3600,3733,3866,4000,4133",2133,100,,,Prefabs\MotherBoards\ASUS\ASUS_Maximus_X_CODE,ASUS ROG Maximus X Code
Motherboard,ASUS,ROG Maximus X Formula,,Y,350,117,21,80,1.0,,,RGB,Z370,LGA 1151 (Coffee Lake),S-ATX,DDR4,4133,Y,Y,3,Y,2,0,4,6,6,,2666,"2133,2400,2666,2800,3000,3200,3300,3333,3400,3466,3600,3733,3866,4000,4133",2133,100,,,Prefabs\MotherBoards\ASUS\ASUS_Maximus_X,ASUS ROG Maximus X Formula
Motherboard,ASUS,ROG Maximus X Hero (Wi-Fi AC),,Y,260,87,20,40,1.0,,,RGB,Z370,LGA 1151 (Coffee Lake),S-ATX,DDR4,4133,Y,Y,3,Y,2,1,4,6,6,,2666,"2133,2400,2666,2800,3000,3200,3300,3333,3400,3466,3600,3733,3866,4000,4133",2133,100,,,Prefabs\MotherBoards\ASUS\ASUS_Maximus_X_Hero,ASUS ROG Maximus X Hero (Wi-Fi AC)
Motherboard,ASUS,ROG Rampage VI Apex,,Y,600,200,24,40,1.0,,,RGB,X299,LGA 2066,E-ATX,DDR4,4133,Y,Y,4,Y,3,1,4,6,6,,2400,"2133,2400,2666,2800,3000,3200,3300,3333,3600,3800,3866,4000,4133",2133,100,,,Prefabs\MotherBoards\ASUS\ASUS_ROG_Rampage_VI_Apex,ASUS ROG Rampage VI Apex
Motherboard,ASUS,ROG Rampage VI Extreme,,Y,640,213,25,30,1.0,,,RGB,X299,LGA 2066,E-ATX,DDR4,4200,Y,Y,4,Y,3,1,8,6,6,,2400,"2133,2400,2666,2800,3000,3200,3300,3333,3600,3733,3866,4000,4133,4200",2133,100,,,Prefabs\MotherBoards\ASUS\ASUSROGRampageVIExtreme,ASUS ROG Rampage VI Extreme
Motherboard,ASUS,ROG Strix B550-E Gaming,,Y,280,93,32,1,1.9,,,RGB,B550,AM4,S-ATX,DDR4,4600,Y,Y,3,Y,2,0,4,6,6,,3200,"2133,2400,2666,2800,3000,3200,3466,3600,3866,4000,4133,4266,4400,4600",2133,100,,,v1_9_0\Prefabs\MotherBoards\ASUS\MB_ASUS_ROG_STRIX_B550-E_GAMING,ASUS ROG Strix B550-E Gaming
Motherboard,ASUS,ROG Strix B550-F Gaming Wifi,,Y,210,70,32,1,1.9,,,RGB,B550,AM4,S-ATX,DDR4,4600,Y,Y,3,Y,2,0,4,6,6,,3200,"2133,2400,2666,2800,3000,3200,3466,3600,3866,4000,4133,4400,4600",2133,100,,,v1_9_0\Prefabs\MotherBoards\ASUS\MB_ASUS_ROG_STRIX_B550-F_GAMING_WiFi,ASUS ROG Strix B550-F Gaming Wifi
Motherboard,ASUS,ROG Strix TRX40-E Gaming,,Y,550,183,31,30,1.8,,,RGB,TRX40,sTRX4,E-ATX,DDR4,4666,Y,Y,3,Y,2,0,8,6,8,,3200,"2133,2400,2666,2800,3200,3400,3466,3733,3800,4133,4266,4333,4400,4600,4666",2133,100,,,v1_8_0\Prefabs\MotherBoards\ASUS\MB_ASUS_ROG_Strix_TRX40-E_Gaming,ASUS ROG Strix TRX40-E Gaming
Motherboard,ASUS,ROG Strix X299-E Gaming,,Y,300,100,24,1,1.0,,,RGB,X299,LGA 2066,S-ATX,DDR4,4133,Y,Y,3,Y,1,0,8,6,8,,2400,"2133,2400,2666,2800,3200,3300,3333,3400,3466,3600,3733,3866,4000,4133",2133,100,,,Prefabs\MotherBoards\ASUS\ASUS_ROG_Strix_X299-EGaming,ASUS ROG Strix X299-E Gaming
Motherboard,ASUS,ROG Strix X399-E Gaming,,Y,310,103,22,1,1.0,,,RGB,X399,TR4,E-ATX,DDR4,3600,Y,Y,3,Y,1,0,8,6,6,,2666,"2133,2400,2666,2800,3000,3200,3466,3600",2133,100,,,Prefabs\MotherBoards\ASUS\ASUS_ROGStrix_X399E_Gaming,ASUS ROG Strix X399-E Gaming
Motherboard,ASUS,ROG Strix X470-F Gaming,,Y,190,63,18,1,1.0,,,RGB,X470,AM4,S-ATX,DDR4,3600,Y,Y,3,Y,2,1,4,6,6,,2666,"2133,2400,2666,2800,2933,3000,3200,3400,3466,3600",2133,100,,,Prefabs\MotherBoards\ASUS\ASUS_ROGStrix_X470F_Gaming,ASUS ROG Strix X470-F Gaming
Motherboard,ASUS,ROG Strix X470-I Gaming,,Y,210,70,18,1,1.0,,,RGB,X470,AM4,Mini-ITX,DDR4,3600,,,,Y,1,0,2,4,4,,2666,"2133,2400,2666,2800,2933,3000,3200,3400,3466,3600",2133,100,,,Prefabs\MotherBoards\ASUS\ASUS_Strix_X470_I_Gaming,ASUS ROG Strix X470-I Gaming
Motherboard,ASUS,ROG Strix X570-I Gaming,,Y,250,83,31,1,1.8,,,RGB,X570,AM4,Mini-ITX,DDR4,4800,,,,Y,2,1,2,4,4,,3200,"2133,2400,2666,2800,2933,3000,3200,3400,3466,3600,3800,4000,4133,4266,4400,4600,4800",2133,100,,,v1_8_0\Prefabs\MotherBoards\ASUS\MB_ASUS_ROG_Strix_X570-I_Gaming,ASUS ROG Strix X570-I Gaming
Motherboard,ASUS,ROG Strix Z370-E Gaming,,Y,210,70,17,65,1.0,,,RGB,Z370,LGA 1151 (Coffee Lake),S-ATX,DDR4,4000,Y,Y,3,Y,2,1,4,6,6,,2666,"2133,2400,2666,2800,3000,3200,3300,3333,3400,3466,3600,3733,3866,4000",2133,100,,,Prefabs\MotherBoards\ASUS\ASUS_ROGStrixZ370-EGaming,ASUS ROG Strix Z370-E Gaming
Motherboard,ASUS,ROG Strix Z370-G Gaming (Wi-Fi AC),,Y,185,62,17,15,1.0,,,RGB,Z370,LGA 1151 (Coffee Lake),Micro-ATX,DDR4,4000,Y,Y,2,Y,1,1,4,6,6,,2666,"2133,2400,2666,2800,3000,3200,3300,3333,3400,3466,3600,3733,3866,4000",2133,100,,,Prefabs\MotherBoards\ASUS\ASUS_ROGStrixZ370-GGaming_WifiAC,ASUS ROG Strix Z370-G Gaming (Wi-Fi AC)
Motherboard,ASUS,ROG Strix Z370-I Gaming,,Y,200,67,25,50,1.0,,,RGB,Z370,LGA 1151 (Coffee Lake),Mini-ITX,DDR4,4333,,,,Y,1,0,2,4,4,,2666,"2133,2400,2666,2800,3000,3200,3300,3333,3600,3866,4000,4200,4333",2133,100,,,Prefabs\MotherBoards\ASUS\ASUS_ROG_Strix_Z370-I_Gaming,ASUS ROG Strix Z370-I Gaming
Motherboard,ASUS,ROG ZENITH EXTREME,,Y,470,157,23,60,1.0,,,RGB,X399,TR4,E-ATX,DDR4,3600,Y,Y,4,Y,3,1,8,6,6,,2666,"2133,2400,2666,2800,3200,3600",2133,100,,,Prefabs\MotherBoards\ASUS\MB_ASUS_ROG_Zenith_Extreme,ASUS ROG ZENITH EXTREME
Motherboard,ASUS,ROG ZENITH II Extreme Alpha,,Y,850,283,31,30,1.8,,,RGB,TRX40,sTRX4,E-ATX,DDR4,4733,Y,Y,3,Y,4,1,8,6,8,,3200,"2133,2400,2666,2800,3200,3400,3733,3800,4133,4266,4333,4400,4600,4733",2133,100,,Exclude,v1_8_0\Prefabs\MotherBoards\ASUS\MB_ASUS_ROG_Zenith_II_Extreme_Alpha,ASUS ROG ZENITH II Extreme Alpha
Motherboard,ASUS,TUF X299 MARK 1,,Y,340,113,24,1,1.0,,,RGB,X299,LGA 2066,S-ATX,DDR4,4133,Y,Y,3,Y,1,0,8,6,8,,2400,"2133,2400,2666,3600,4000,4133",2133,100,ASUS_TUF_Gaming,,Prefabs\MotherBoards\ASUS\ASUS_Tuf_X299_MARK_1,ASUS TUF X299 MARK 1
Motherboard,ASUS,TUF Z370-PLUS GAMING,,Y,165,55,15,1,1.0,,,RGB,Z370,LGA 1151 (Coffee Lake),S-ATX,DDR4,4000,Y,Y,3,Y,2,1,4,6,6,,2666,"2133,2400,2666,2800,3000,3200,3300,3333,3400,3466,3600,3733,3866,4000",2133,100,ASUS_TUF_Gaming,,Prefabs\MotherBoards\ASUS\ASUS_TUF_Z370-PLUS_GAMING,ASUS TUF Z370-PLUS GAMING
Motherboard,ASUS,TUF Z370-PRO GAMING,,Y,155,52,15,1,1.0,,,,Z370,LGA 1151 (Coffee Lake),S-ATX,DDR4,4000,Y,Y,3,Y,2,2,4,4,4,,2666,"2133,2400,2666,2800,3000,3200,3300,3333,3400,3466,3600,3733,3866,4000",2133,100,ASUS_TUF_Gaming,,Prefabs\MotherBoards\ASUS\ASUS_TUF_Z370PRO_GAMING,ASUS TUF Z370-PRO GAMING
Motherboard,Colorful,CVN B365M GAMING PRO V20,,Y,105,35,20,1,1.5,PC,,,B365,LGA 1151 (Coffee Lake),Micro-ATX,DDR4,2666,,,,,2,0,4,6,6,,2666,"2133,2400,2666",2133,100,,,Prefabs\MotherBoards\Colorful\MB_CVN_B365_GamingPro_V2,Colorful CVN B365M GAMING PRO V20
Motherboard,Colorful,CVN X570 GAMING PRO V14,,Y,360,120,31,1,1.15,PC,,RGB,X570,AM4,S-ATX,DDR4,4000,Y,,3,Y,2,0,4,6,6,,3200,"2133,2400,2666,2800,2933,3000,3200,3600,3800,4000",2133,100,,,v1_15_0/Prefabs/Motherboards/MB_CVN_X570_GAMING_PRO_V14,Colorful CVN X570 GAMING PRO V14
Motherboard,Colorful,CVN Z390M GAMING PRO V20,,Y,140,47,21,60,1.5,PC,,,Z390,LGA 1151 (Coffee Lake),Micro-ATX,DDR4,3200,,,,Y,2,1,4,4,4,,2666,"2133,2400,2666,2800,3000,3200",2133,100,,,Prefabs\MotherBoards\Colorful\MB_CVN_Z390_GamingPro_V2,Colorful CVN Z390M GAMING PRO V20
Motherboard,Colorful,iGame Z390 Vulcan X V20,,Y,260,87,21,40,1.5,PC,,RGB,Z390,LGA 1151 (Coffee Lake),S-ATX,DDR4,4000,Y,Y,3,Y,2,1,4,6,6,,2666,"2133,2400,2666,2800,3000,3200,3300,3333,3400,3466,3600,3733,3800,3866,4000",2133,100,,,Prefabs\MotherBoards\Colorful\MB_Igame_Z390_Vulcan_X_V20,Colorful iGame Z390 Vulcan X V20
Motherboard,DFL,A320M 4TUNE X,,Y,190,63,3,1,1.0,,,,A320,AM4,S-ATX,DDR4,3733,,,,,0,0,4,6,6,,2133,"2133,2400,2666,2800,3000,3200,3300,3400,3600,3733",2133,100,,,Prefabs/Generic/Motherboard_AM4,DFL A320M 4TUNE X
Motherboard,DFL,H170 4TUNE X,,Y,190,63,1,1,1.0,,,,H170,LGA 1151 (Skylake),S-ATX,DDR4,3000,,,,,0,0,4,6,6,,2133,"2133,2400,2666,2800,3000",2133,100,,,Prefabs/Generic/Motherboard_LGA1151,DFL H170 4TUNE X
Motherboard,EVGA,X299 DARK,,Y,500,167,30,60,1.7,,,,X299,LGA 2066,E-ATX,DDR4,4000,Y,Y,4,Y,2,0,4,6,8,,2400,"2400,2600,2800,3000,3200,3600,3800,4000",2400,100,,,v1_7_0/Prefabs/MotherBoards/EVGA/MB_EVGA_X299_Dark,EVGA X299 DARK
Motherboard,EVGA,X299 FTW K,,Y,200,67,30,20,1.0,,,RGB,X299,LGA 2066,E-ATX,DDR4,4000,Y,Y,3,Y,2,2,8,6,8,,2400,"2400,2600,2800,3000,3200,3600,3800,4000",2400,100,,,Prefabs/MotherBoards/EVGA/MB_EVGA_X299_FTWK,EVGA X299 FTW K
Motherboard,EVGA,X299 Micro,,Y,120,40,30,60,1.0,,,,X299,LGA 2066,Micro-ATX,DDR4,4000,Y,Y,3,Y,1,1,4,6,6,,2400,"2400,2600,2800,3000,3200,3600,3800,4000",2400,100,,,Prefabs/MotherBoards/EVGA/MB_EVGA_x299_Micro,EVGA X299 Micro
Motherboard,EVGA,Z270 Classified K,,Y,300,100,9,59,1.0,,,,Z270,LGA 1151 (Kaby Lake),E-ATX,DDR4,3600,Y,Y,3,Y,2,2,4,6,12,,2400,"2133,2400,2600,2800,3000,3200,3600",2133,100,,,Prefabs\MotherBoards\EVGA\EVGA_classified_K_Z270,EVGA Z270 Classified K
Motherboard,EVGA,Z270 FTW K,,Y,240,80,7,50,1.0,,,Red,Z270,LGA 1151 (Kaby Lake),S-ATX,DDR4,3600,Y,Y,3,Y,2,2,4,6,8,,2400,"2133,2400,2600,2800,3000,3200,3600",2133,100,,,Prefabs/MotherBoards/EVGA/EVGA_Z270,EVGA Z270 FTW K
Motherboard,EVGA,Z370 FTW,,Y,200,67,19,30,1.0,,,,Z370,LGA 1151 (Coffee Lake),S-ATX,DDR4,4133,Y,Y,3,Y,2,2,4,6,6,,2666,"2133,2400,2666,2800,3000,3200,3300,3333,3400,3466,3600,3666,3733,3800,3866,4000,4133",2133,100,,,Prefabs/MotherBoards/EVGA/EVGA_Z370_FTW,EVGA Z370 FTW
Motherboard,EVGA,Z490 DARK,,Y,600,200,32,90,1.11,,,,Z490,LGA 1200,E-ATX,DDR4,4800,Y,Y,3,Y,2,1,2,6,8,,2933,"2400,2600,2800,3000,3200,3600,3800,4000,4200,4600,4800",2400,100,,,v1_11_0/Prefabs/MotherBoards/EVGA/MB_EVGA_Z490_DARK,EVGA Z490 DARK
Motherboard,EVGA,Z490 FTW WIFI,,Y,450,150,32,90,1.11,,,RGB,Z490,LGA 1200,S-ATX,DDR4,4400,Y,Y,3,Y,2,2,4,6,6,,2933,"2400,2600,2800,3000,3200,3600,3800,4000,4200,4400",2400,100,,,v1_11_0/Prefabs/MotherBoards/EVGA/MB_EVGA_Z490_FTW_WIFI,EVGA Z490 FTW WIFI
Motherboard,GIGABYTE,B360 AORUS GAMING 3,,Y,120,40,15,1,1.3,PC,,RGB,B360,LGA 1151 (Coffee Lake),S-ATX,DDR4,2666,Y,Y,3,,1,0,4,6,6,,2666,"2133,2400,2666",2133,100,,,Prefabs\MotherBoards\GigaByte\MB_Gigabyte_B360_AORUS_GAMING_3,GIGABYTE B360 AORUS GAMING 3
Motherboard,GIGABYTE,B360M AORUS GAMING 3,,Y,160,53,16,10,1.3,PC,,RGB,B360,LGA 1151 (Coffee Lake),Micro-ATX,DDR4,2666,Y,Y,3,,2,2,4,6,6,,2666,"2133,2400,2666",2133,100,,,Prefabs\MotherBoards\GigaByte\MB_Gigabyte_B360M_AORUS_GAMING_3,GIGABYTE B360M AORUS GAMING 3
Motherboard,GIGABYTE,B360N AORUS GAMING WIFI,,Y,120,40,16,20,1.2,,,RGB,B360,LGA 1151 (Coffee Lake),Mini-ITX,DDR4,2666,,,,,1,0,2,4,4,,2666,"2133,2400,2666",2133,100,,,Prefabs\MotherBoards\GigaByte\MB_Gigabyte_B360N_AourusWIFI,GIGABYTE B360N AORUS GAMING WIFI
Motherboard,GIGABYTE,B450 AORUS M,,Y,85,28,18,1,1.3,PC,,RGB,B450,AM4,Micro-ATX,DDR4,3200,Y,Y,3,Y,1,0,4,6,6,,2666,"2133,2400,2666,2933,3200",2133,100,,,Prefabs\MotherBoards\GigaByte\MB_Gigabyte_B450_AORUS_M,GIGABYTE B450 AORUS M
Motherboard,GIGABYTE,GA-AB350-Gaming 3,,Y,110,37,7,1,1.0,,,RGB,B350,AM4,S-ATX,DDR4,3200,Y,,3,Y,1,1,4,4,4,,2400,"2133,2400,2667,2933,3200",2133,100,,,Prefabs\MotherBoards\GigaByte\GigaByte_GA_AB350_Gaming_3,GIGABYTE GA-AB350-Gaming 3
Motherboard,GIGABYTE,GA-AB350M-Gaming 3,,Y,85,28,7,15,1.0,,,,B350,AM4,Micro-ATX,DDR4,3200,,,,Y,1,1,4,6,6,,2400,"2133,2400,2667,2933,3200",2133,100,,,Prefabs\MotherBoards\GigaByte\GIGABYTE_GA-AB350M-Gaming_3,GIGABYTE GA-AB350M-Gaming 3
Motherboard,GIGABYTE,GA-AX370-Gaming 5,,Y,185,62,7,25,1.0,,,RGB,X370,AM4,S-ATX,DDR4,3200,Y,Y,3,Y,1,1,4,6,6,,2400,"2133,2400,2667,2933,3200",2133,100,,,Prefabs\MotherBoards\GigaByte\GigaByte_GA_AX370_Gaming_5,GIGABYTE GA-AX370-Gaming 5
Motherboard,GIGABYTE,GA-AX370-Gaming K7,,Y,210,70,7,1,1.0,,,RGB,X370,AM4,S-ATX,DDR4,3600,Y,Y,3,Y,1,1,4,6,6,,2400,"2133,2400,2667,2933,3200,3400,3600",2133,100,,,Prefabs\MotherBoards\GigaByte\GigaByte_GA_AX370_Gaming_K7,GIGABYTE GA-AX370-Gaming K7
Motherboard,GIGABYTE,GA-B250M-Gaming 5,,Y,170,57,4,1,1.0,,,RGB,B250,LGA 1151 (Kaby Lake),Micro-ATX,DDR4,2400,Y,,2,,1,0,4,6,6,,2400,"2133,2400",2133,100,,,Prefabs\MotherBoards\GigaByte\MB_[Gigabyte]_GA-B250M-Gaming_5_AM,GIGABYTE GA-B250M-Gaming 5
Motherboard,GIGABYTE,GA-Z270X-Gaming 8,,Y,430,143,19,1,1.0,,,RGB,Z270,LGA 1151 (Kaby Lake),S-ATX,DDR4,4133,Y,Y,3,Y,2,2,4,4,4,,2400,"2133,2400,2666,2800,3000,3200,3300,3333,3400,3466,3600,3666,3733,3800,3866,4000,4133",2133,100,,,Prefabs\MotherBoards\GigaByte\Gigabyte_GA-Z270X-Gaming_8,GIGABYTE GA-Z270X-Gaming 8
Motherboard,GIGABYTE,H370 AORUS GAMING 3,,Y,140,47,16,60,1.3,PC,,RGB,H370,LGA 1151 (Coffee Lake),S-ATX,DDR4,2666,Y,Y,3,,2,1,4,6,6,,2666,"2133,2400,2666",2133,100,,,Prefabs\MotherBoards\GigaByte\MB_GIGABYTE_AORUS_H370,GIGABYTE H370 AORUS GAMING 3
Motherboard,GIGABYTE,TRX40 AORUS MASTER (rev. 1.0),,Y,500,167,31,1,1.8,PC,,RGB,TRX40,sTRX4,E-ATX,DDR4,4400,Y,Y,3,Y,3,0,8,6,8,,3200,"2133,2400,2667,2933,3200,3300,3333,3400,3466,3600,3733,3866,4000, 4133, 4266, 4400",2133,100,,Exclude,v1_8_0\Prefabs\MotherBoards\GigaByte\MB_Gigabyte_TRX40_Aorus_Master,GIGABYTE TRX40 AORUS MASTER (rev. 1.0)
Motherboard,GIGABYTE,TRX40 AORUS PRO WIFI (rev. 1.0),,Y,400,133,31,1,1.8,PC,,RGB,TRX40,sTRX4,S-ATX,DDR4,4400,Y,Y,3,Y,3,0,8,6,8,,3200,"2133,2400,2667,2933,3200,3300,3333,3400,3466,3600,3733,3866,4000, 4133, 4266, 4400",2133,100,,Exclude,v1_8_0\Prefabs\MotherBoards\GigaByte\MB_Gigabyte_TRX40_Aorus_Pro_Wifi,GIGABYTE TRX40 AORUS PRO WIFI (rev. 1.0)
Motherboard,GIGABYTE,TRX40 AORUS XTREME (rev. 1.0),,Y,850,283,31,60,1.8,PC,,RGB,TRX40,sTRX4,XL-ATX,DDR4,4400,Y,Y,2,Y,4,0,8,6,10,,3200,"2133,2400,2667,2933,3200,3300,3333,3400,3466,3600,3733,3866,4000, 4133, 4266, 4400",2133,100,,Exclude,v1_8_0\Prefabs\MotherBoards\GigaByte\MB_Gigabyte_TRX40_AORUS_XTREME,GIGABYTE TRX40 AORUS XTREME (rev. 1.0)
Motherboard,GIGABYTE,TRX40 DESIGNARE (rev. 1.0),,Y,630,210,31,30,1.8,PC,,RGB,TRX40,sTRX4,XL-ATX,DDR4,4400,Y,Y,2,Y,4,0,8,6,8,,3200,"2133,2400,2667,2933,3200,3300,3333,3400,3466,3600,3733,3866,4000, 4133, 4266, 4400",2133,100,,Exclude,v1_8_0\Prefabs\MotherBoards\GigaByte\MB_Gigabyte_TRX40_DESIGNARE,GIGABYTE TRX40 DESIGNARE (rev. 1.0)
Motherboard,GIGABYTE,X299 AORUS Gaming 9,,Y,400,133,28,1,1.0,,,RGB,X299,LGA 2066,S-ATX,DDR4,4400,Y,Y,3,Y,3,0,8,6,8,,2400,"2133,2400,2666,2800,3000,3200,3300,3333,3400,3466,3600,3666,3733,3800,3866,4000,4133,4266,4333,4400",2133,100,,,Prefabs\MotherBoards\GigaByte\MB_Gigabyte_X299AORUSGaming9,GIGABYTE X299 AORUS Gaming 9
Motherboard,GIGABYTE,X299 DESIGNARE EX,,Y,330,110,29,1,1.0,,,RGB,X299,LGA 2066,S-ATX,DDR4,4400,Y,Y,3,Y,3,0,8,6,8,,2400,"2133,2400,2666,2800,3000,3200,3300,3333,3400,3466,3600,3666,3733,3800,3866,4000,4133,4266,4333,4400",2133,100,,,Prefabs\MotherBoards\GigaByte\MB_Gigabyte_X299DESIGNAREEX,GIGABYTE X299 DESIGNARE EX
Motherboard,GIGABYTE,X399 AORUS Gaming 7,,Y,390,130,22,1,1.0,,,RGB,X399,TR4,S-ATX,DDR4,3600,Y,Y,4,Y,3,3,8,6,8,,2666,"2133,2400,2667,2800,2933,3200,3333,3466,3600",2133,100,,,Prefabs\MotherBoards\GigaByte\GigaByte_X399_AORUS_Gaming_7,GIGABYTE X399 AORUS Gaming 7
Motherboard,GIGABYTE,X399 DESIGNARE EX,,Y,400,133,23,40,1.0,,,RGB,X399,TR4,S-ATX,DDR4,3600,Y,Y,4,Y,2,2,8,6,8,,2666,"2133,2400,2667,2933,3200,3333,3466,3600",2133,100,,,Prefabs\MotherBoards\GigaByte\GigaByte_X399_Designare _EX,GIGABYTE X399 DESIGNARE EX
Motherboard,GIGABYTE,X470 AORUS GAMING 7 WIFI,,Y,240,80,19,60,1.0,,,RGB,X470,AM4,S-ATX,DDR4,3600,Y,Y,3,Y,2,2,4,6,6,,2666,"2133,2400,2666,2933,3000,3200,3300,3400,3600",2133,100,,,Prefabs\MotherBoards\GigaByte\GigaByte_X470_AORUS_Gaming_7,GIGABYTE X470 AORUS GAMING 7 WIFI
Motherboard,GIGABYTE,X570 AORUS ELITE WIFI (rev 1.0),,Y,210,70,30,30,1.7,PC,,RGB,X570,AM4,S-ATX,DDR4,4000,Y,Y,3,Y,2,1,4,6,6,,3200,"2133,2400,2666,2933,3200,3300,3333,3400,3466,3600,3733,3800,3866,4000",2133,100,,,v1_7_0/Prefabs\MotherBoards\GigaByte\MB_Gigabyte_X570_Aorus_Elite_Wifi,GIGABYTE X570 AORUS ELITE WIFI (rev 1.0)
Motherboard,GIGABYTE,X570 AORUS MASTER (rev 1.0),,Y,360,120,30,1,1.6,PC,,RGB,X570,AM4,S-ATX,DDR4,4400,Y,Y,3,Y,2,0,4,6,6,,3200,"2133,2400,2666,2933,3200,3300,3333,3400,3466,3600,3733,3800,3866,4000,4133,4266,4300,4400",2133,100,,,Prefabs\MotherBoards\GigaByte\MB_Gigabyte_X570_Aorus_Master,GIGABYTE X570 AORUS MASTER (rev 1.0)
Motherboard,GIGABYTE,X570 AORUS PRO WIFI (rev 1.0),,Y,270,90,30,15,1.7,PC,,RGB,X570,AM4,S-ATX,DDR4,4400,Y,Y,3,Y,2,0,4,6,6,,2666,"2133,2400,2666,2933,3200,3300,3333,3400,3466,3600,3733,3800,3866,4000,4133,4266,4300,4400",2133,100,,,v1_7_0/Prefabs\MotherBoards\GigaByte\MB_Gigabyte_X570_Aorus_Pro_Wifi,GIGABYTE X570 AORUS PRO WIFI (rev 1.0)
Motherboard,GIGABYTE,X570 AORUS ULTRA (rev 1.0),,Y,300,100,30,30,1.7,PC,,RGB,X570,AM4,S-ATX,DDR4,4400,Y,Y,3,Y,3,0,4,6,6,,3200,"2133,2400,2666,2933,3200,3300,3333,3400,3466,3600,3733,3800,3866,4000,4133,4266,4300,4400",2133,100,,,v1_7_0/Prefabs\MotherBoards\GigaByte\MB_Gigabyte_X570_Aorus_Ultra,GIGABYTE X570 AORUS ULTRA (rev 1.0)
Motherboard,GIGABYTE,X570 AORUS XTREME(rev 1.0),,Y,700,233,30,25,1.6,PC,,RGB,X570,AM4,S-ATX,DDR4,4400,Y,Y,3,Y,3,0,4,6,6,,3200,"2133,2400,2666,2933,3200,3300,3333,3400,3466,3600,3733,3800,3866,4000,4133,4266,4300,4400",2133,100,,,Prefabs\MotherBoards\GigaByte\MB_Gigabyte_X570_Aorus_Xtreme,GIGABYTE X570 AORUS XTREME(rev 1.0)
Motherboard,GIGABYTE,X570 Gaming X,,Y,170,57,30,1,1.7,PC,,,X570,AM4,S-ATX,DDR4,4400,Y,Y,3,Y,2,1,4,6,6,,3200,"2133,2400,2666,2933,3200,3300,3333,3400,3466,3600,3733,3800,3866,4000,4133,4266,4300,4400",2133,100,,,v1_7_0/Prefabs\MotherBoards\GigaByte\MB_Gigabyte_X570_GamingX,GIGABYTE X570 Gaming X
Motherboard,GIGABYTE,X570I AORUS PRO WIFI (rev 1.0),,Y,220,73,30,15,1.7,PC,,RGB,X570,AM4,Mini-ITX,DDR4,4400,,,,Y,2,0,2,4,4,,3200,"2133,2400,2666,2933,3200,3300,3333,3400,3466,3600,3733,3800,3866,4000,4133,4266,4300,4400",2133,100,,,v1_7_0/Prefabs\MotherBoards\GigaByte\MB_Gigabyte_X570_I_Aorus_Pro_Wifi,GIGABYTE X570I AORUS PRO WIFI (rev 1.0)
Motherboard,GIGABYTE,Z370 AORUS Gaming 7,,Y,250,83,20,20,1.0,,,RGB,Z370,LGA 1151 (Coffee Lake),S-ATX,DDR4,4133,Y,Y,3,Y,3,3,4,6,6,,2666,"2133,2400,2666,2800,3000,3200,3300,3333,3400,3466,3600,3666,3733,3800,3866,4000,4133",2133,100,,,Prefabs\MotherBoards\GigaByte\GigaByte_Z370_AORUS_Gaming_7,GIGABYTE Z370 AORUS Gaming 7
Motherboard,GIGABYTE,Z370 AORUS Ultra Gaming,,Y,170,57,16,20,1.0,,,RGB,Z370,LGA 1151 (Coffee Lake),S-ATX,DDR4,4000,Y,Y,3,Y,2,2,4,6,6,,2666,"2133,2400,2666,2800,3000,3200,3300,3333,3400,3466,3600,3666,3733,3800,3866,4000",2133,100,,,Prefabs\MotherBoards\GigaByte\GigaByte_Z370_AORUS_UltraGaming,GIGABYTE Z370 AORUS Ultra Gaming
Motherboard,GIGABYTE,Z490 AORUS XTREME,,Y,800,267,34,10,1.13,PC,,RGB,Z490,LGA 1200,E-ATX,DDR4,5000,Y,Y,3,Y,3,0,4,6,6,,2933,"2133,2400,2666,2800,2933,3000,3200,3300,3333,3400,3466,3600,3666,3733,3800,3866,4000,4133,4266,4300,4400,4500,4600,4700,4800,4933,5000",2133,100,,,v1_13_0/Prefabs/Motherboards/GIGABYTE/MB_GIGABYTE_Z490_AORUS_XTREME,GIGABYTE Z490 AORUS XTREME
Motherboard,GIGABYTE,Z490 AORUS XTREME WATERFORCE,,Y,1250,417,34,10,1.13,PC,,RGB,Z490,LGA 1200,E-ATX,DDR4,5000,Y,Y,3,Y,3,0,4,6,6,GIGABYTE Z490 Aorus All-In-One Monoblock,2933,"2133,2400,2666,2800,2933,3000,3200,3300,3333,3400,3466,3600,3666,3733,3800,3866,4000,4133,4266,4300,4400,4500,4600,4700,4800,4933,5000",2133,100,,,v1_13_0/Prefabs/Motherboards/GIGABYTE/MB_GIGABYTE_Z490_Aorus_Xtreme_Waterforce,GIGABYTE Z490 AORUS XTREME WATERFORCE
Motherboard,GIGABYTE,Z590 AORUS ULTRA,,Y,400,133,34,10,1.13,PC,,,Z590,LGA 1200,S-ATX,DDR4,5400,Y,Y,3,Y,3,0,4,6,6,,2933,"2133,2400,2666,2800,2933,3000,3200,3300,3333,3400,3466,3600,3666,3733,3800,3866,4000,4133,4266,4300,4400,4500,4600,4700,4800,4933,5000,5133,5333,5400",2133,100,,,v1_13_0/Prefabs/Motherboards/GIGABYTE/MB_GIGABYTE_Z590_AORUS_ULTRA,GIGABYTE Z590 AORUS ULTRA
Motherboard,GIGABYTE,Z590 AORUS XTREME WATERFORCE,,Y,2000,667,34,10,1.13,PC,,RGB,Z590,LGA 1200,E-ATX,DDR4,5400,Y,,3,Y,3,0,4,6,6,GIGABYTE Z590 Aorus All-In-One Display Monoblock,2933,"2133,2400,2666,2800,2933,3000,3200,3300,3333,3400,3466,3600,3666,3733,3800,3866,4000,4133,4266,4300,4400,4500,4600,4700,4800,4933,5000,5133,5333,5400",2133,100,,,v1_13_0/Prefabs/Motherboards/GIGABYTE/MB_GYGABYTE_Z590_Aorus_Xtreme_Waterforce,GIGABYTE Z590 AORUS XTREME WATERFORCE
Motherboard,GIGABYTE,Z590 VISION G,,Y,280,93,34,10,1.13,PC,,,Z590,LGA 1200,S-ATX,DDR4,4800,Y,,3,Y,4,0,4,6,6,,2933,"2133,2400,2666,2800,2933,3000,3200,3300,3333,3400,3466,3600,3666,3733,3800,3866,4000,4133,4266,4300,4400,4500,4600,4700,4800",2133,100,,,v1_13_0/Prefabs/Motherboards/GIGABYTE/MB_GIGABYTE_Z590_VISION_G,GIGABYTE Z590 VISION G
Motherboard,GIGABYTE,Z590I VISION D,,Y,390,130,34,10,1.13,PC,,,Z590,LGA 1200,Mini-ITX,DDR4,4600,,,,Y,2,2,2,4,4,,2933,"2133,2400,2666,2800,2933,3000,3200,3300,3333,3400,3466,3600,3666,3733,3800,3866,4000,4133,4266,4300,4400,4500,4600",2133,100,,,v1_13_0/Prefabs/Motherboards/GIGABYTE/MB_GIGABYTE_Z590I_VISION_D,GIGABYTE Z590I VISION D
Motherboard,Mortoni,A320M Mtech plus,,Y,150,50,3,1,1.0,,,,A320,AM4,S-ATX,DDR4,3600,,,,,0,0,4,6,6,,2133,"2133,2400,2666,2800,3000,3200,3300,3400,3600",2133,100,,,Prefabs/Generic/Motherboard_AM4,Mortoni A320M Mtech plus
Motherboard,Mortoni,H170 Mtech,,Y,100,33,1,1,1.0,,,,H170,LGA 1151 (Skylake),S-ATX,DDR4,2666,,,,,0,0,4,6,6,,2133,"2133,2400,2666",2133,100,,,Prefabs/Generic/Motherboard_LGA1151,Mortoni H170 Mtech
Motherboard,Mortoni,H170 Mtech plus,,Y,150,50,1,1,1.0,,,,H170,LGA 1151 (Skylake),S-ATX,DDR4,2800,,,,,0,0,4,6,6,,2133,"2133,2400,2666,2800",2133,100,,,Prefabs/Generic/Motherboard_LGA1151,Mortoni H170 Mtech plus
Motherboard,MSI,B450 TOMAHAWK,,Y,150,50,19,1,1.0,,,RGB,B450,AM4,S-ATX,DDR4,3466,Y,,3,Y,1,1,4,6,6,,2400,"1866,2133,2400,2666,2800,2933,3000,3066,3200,3466",1866,100,,,Prefabs/MotherBoards/MSI/MB_MSI_B450_TOMAHAWK,MSI B450 TOMAHAWK
Motherboard,MSI,B450I GAMING PLUS AC,,Y,180,60,20,60,1.0,,,,B450,AM4,Mini-ITX,DDR4,3466,,,,Y,1,0,2,4,4,,2400,"1866,2133,2400,2666,2800,2933,3000,3066,3200,3466",1866,100,,,Prefabs/MotherBoards/MSI/MB_MSI_B450I_GAMING_PLUS_AC,MSI B450I GAMING PLUS AC
Motherboard,MSI,B450M Mortar Max,,Y,200,67,18,1,1.8,PC,,RGB,B450,AM4,Micro-ATX,DDR4,4133,Y,Y,3,Y,2,2,4,4,4,,2666,"2133,2400,2666,2800,2933,3000,3066,3200,3466,4000,4133",2133,100,,,v1_8_0\Prefabs/MotherBoards/MSI/MB_MSI_B450M_Mortar_Max,MSI B450M Mortar Max
Motherboard,MSI,Creator TRX40,,Y,700,233,32,80,1.10,PC,,RGB,TRX40,sTRX4,E-ATX,DDR4,4666,Y,Y,3,Y,3,0,8,6,6,,3200,"2133,2400,2666,3200,3600,4000,4666",2133,100,,Exclude,v1_10_0\Prefabs/MotherBoards/MSI/MB_MSI_Creator_TRX40,MSI Creator TRX40
Motherboard,MSI,MAG B460 TOMAHAWK,,Y,140,47,32,1,1.9,PC,,RGB,B460,LGA 1200,S-ATX,DDR4,2933,Y,Y,3,,2,1,4,6,6,,2933,"2133,2400,2666,2933",2133,100,,,v1_9_0\Prefabs/MotherBoards/MSI/MB_MSI_MAG_B460_Tomahawk,MSI MAG B460 TOMAHAWK
Motherboard,MSI,MAG B460M BAZOOKA,,Y,105,35,32,1,1.9,PC,,,B460,LGA 1200,Micro-ATX,DDR4,2933,,,,,2,1,4,4,4,,2933,"2133,2400,2666,2933",2133,100,,,v1_9_0\Prefabs/MotherBoards/MSI/MB_MSI_MAG_B460M_Bazooka,MSI MAG B460M BAZOOKA
Motherboard,MSI,MAG B550 TOMAHAWK,,Y,200,67,32,40,1.12,PC,,RGB,B550,AM4,S-ATX,DDR4,4866,Y,,3,Y,2,0,4,6,6,,3200,"2133,2400,2666,2933,3000,3200,3300,3333,3400,3466,3600,3733,3866,4000,4133,4200,4266,4300,4400,4533,4600,4800,4866",2133,100,,,v1_12_0/Prefabs/MotherBoards/MSI/MB_MSI_MAG_B550_TOMAHAWK,MSI MAG B550 TOMAHAWK
Motherboard,MSI,MAG B550M BAZOOKA,,Y,125,42,32,40,1.12,PC,,,B550,AM4,Micro-ATX,DDR4,4400,,,,Y,2,1,4,4,4,,3200,"2133,2400,2666,2933,3000,3200,3300,3333,3400,3466,3600,3733,3866,4000,4133,4200,4266,4300,4400",2133,100,,,v1_12_0/Prefabs/MotherBoards/MSI/MB_MSI_MAG_B550M_BAZOOKA,MSI MAG B550M BAZOOKA
Motherboard,MSI,MAG B550M MORTAR WIFI,,Y,175,58,32,40,1.12,PC,,,B550,AM4,Micro-ATX,DDR4,4400,Y,,3,Y,2,1,4,4,4,,3200,"2133,2400,2666,2933,3000,3200,3300,3333,3400,3466,3600,3733,3866,4000,4133,4200,4266,4300,4400",2133,100,,,v1_12_0/Prefabs/MotherBoards/MSI/MB_MSI_MAG_B550M_MORTAR_WIFI,MSI MAG B550M MORTAR WIFI
Motherboard,MSI,MAG Z390 TOMAHAWK,,Y,210,70,26,20,1.6,PC,,RGB,Z390,LGA 1151 (Coffee Lake),S-ATX,DDR4,4400,Y,Y,3,Y,2,1,4,6,6,,2666,"2133,2400,2666,2800,3000,3200,3300,3333,3400,3466,3600,3733,3866,4000,4133,4200,4266,4300,4400",2133,100,,,Prefabs/MotherBoards/MSI/MSI_MAG_Z390_TOMAHAWK,MSI MAG Z390 TOMAHAWK
Motherboard,MSI,MAG Z590 TOMAHAWK WIFI,,Y,285,95,34,1,1.12,PC,,RGB,Z590,LGA 1200,S-ATX,DDR4,5333,Y,,3,Y,3,0,4,4,4,,2933,"2133,2400,2666,2933,3000,3200,3300,3333,3400,3466,3600,3733,3866,4000,4133,4200,4266,4300,4400,4533,4600,4800,5000,5200,5333",2133,100,,,v1_12_0/Prefabs/MotherBoards/MSI/MB_MSI_MAG_Z590_TOMAHAWK_WIFI,MSI MAG Z590 TOMAHAWK WIFI
Motherboard,MSI,MAG Z590 TORPEDO,,Y,240,80,34,1,1.12,PC,,RGB,Z590,LGA 1200,S-ATX,DDR4,5333,Y,,3,Y,3,1,4,6,6,,2933,"2166,2400,2666,2933,3000,3200,3300,3333,3400,3466,3600,3733,3866,4000,4133,4200,4266,4300,4400,4533,4600,4800,5000,5200,5333",2166,100,,,v1_12_0/Prefabs/MotherBoards/MSI/MB_MSI_MAG_Z590_TORPEDO,MSI MAG Z590 TORPEDO
Motherboard,MSI,MEG B550 UNIFY-X,,Y,300,100,32,40,1.12,PC,,,B550,AM4,S-ATX,DDR4,5300,Y,,,Y,4,0,2,4,6,,3200,"2667,2800,2933,3000,3066,3200,3466,3600,3733,3866,4000,4133,4266,4400,4533,4600,4733,4800,5000,5100,5300",2667,100,,,v1_12_0/Prefabs/MotherBoards/MSI/MB_MSI_MEG_B550_UNIFY_X,MSI MEG B550 UNIFY-X
Motherboard,MSI,MEG X570 ACE,,Y,370,123,32,60,1.10,PC,,RGB,X570,AM4,S-ATX,DDR4,5000,Y,Y,3,Y,3,0,4,4,4,,3200,"1866,2133,2400,2667,2800,2933,3000,3066,3200,3466,3600,3733,3866,4000,4133,4266,4400,4533,4600,4733,4800,5000",1866,100,,,v1_10_0\Prefabs/MotherBoards/MSI/MB_MSI_MEG_X570_ACE,MSI MEG X570 ACE
Motherboard,MSI,MEG X570 Godlike,,Y,700,233,32,20,1.8,PC,,RGB,X570,AM4,E-ATX,DDR4,5000,Y,Y,4,Y,3,0,4,6,6,,3200,"2133,2400,2666,2800,2933,3000,3066,3200,3466,3600,3733,3866,4000,4133,4266,4400,4533,4600,4733,4800,5000",2133,100,,,v1_8_0\Prefabs/MotherBoards/MSI/MB_MSI_MEG_X570_Godlike,MSI MEG X570 Godlike
Motherboard,MSI,MEG X570 UNIFY,,Y,300,100,32,60,1.10,PC,,,X570,AM4,S-ATX,DDR4,5000,Y,Y,3,Y,3,0,4,4,4,,3200,"1866,2133,2400,2667,2800,2933,3000,3066,3200,3466,3600,3733,3866,4000,4133,4266,4400,4533,4600,4733,4800,5000",1866,100,,,v1_10_0\Prefabs/MotherBoards/MSI/MB_MSI_MEG_X570_UNIFY,MSI MEG X570 UNIFY
Motherboard,MSI,MEG Z390 ACE,,Y,280,93,26,20,1.6,PC,,RGB,Z390,LGA 1151 (Coffee Lake),S-ATX,DDR4,4500,Y,Y,3,Y,3,2,4,6,6,,2666,"2133,2400,2666,2800,3000,3200,3300,3333,3400,3466,3600,3733,3866,4000,4133,4200,4266,4300,4400,4500",2133,100,,,Prefabs/MotherBoards/MSI/MB_MSI_MEG_Z390ACE,MSI MEG Z390 ACE
Motherboard,MSI,MEG Z490I Unify,,Y,270,90,32,40,1.9,PC,,,Z490,LGA 1200,Mini-ITX,DDR4,5000,,,,Y,2,0,2,2,2,,2933,"2133,2400,2666,2933,3000,3200,3300,3333,3400,3466,3600,3733,3866,4000,4133,4200,4266,4300,4400,4533,4600,4800,5000",2133,100,,,v1_9_0\Prefabs/MotherBoards/MSI/MB_MSI_MEG_Z490I_Unify,MSI MEG Z490I Unify
Motherboard,MSI,MEG Z590 ACE,,Y,500,167,34,30,1.12,PC,,RGB,Z590,LGA 1200,S-ATX,DDR4,5600,Y,Y,3,Y,4,0,4,6,6,,2933,"2133,2400,2666,2933,3000,3200,3300,3333,3400,3466,3600,3733,3866,4000,4133,4200,4266,4300,4400,4533,4600,4800,5000,5333,5600",2133,100,,,v1_12_0/Prefabs/MotherBoards/MSI/MB_MSI_MEG_Z590_ACE,MSI MEG Z590 ACE
Motherboard,MSI,MPG B550 GAMING CARBON WIFI,,Y,230,77,32,40,1.12,PC,,RGB,B550,AM4,S-ATX,DDR4,5100,Y,,3,Y,2,0,4,6,6,,3200,"1866,2133,2400,2667,2800,2933,3000,3066,3200,3466,3600,3733,3866,4000,4133,4266,4400,4466,4533,4600,4866,5000,5100",1866,100,,,v1_12_0/Prefabs/MotherBoards/MSI/MB_MSI_MPG_B550_GAMING_CARBON_WIFI,MSI MPG B550 GAMING CARBON WIFI
Motherboard,MSI,MPG B550 Gaming EDGE Wifi,,Y,190,63,32,30,1.10.5,,,RGB,B550,AM4,S-ATX,DDR4,5100,Y,Y,3,Y,2,1,4,6,6,,3200,"1866,2133,2400,2667,2800,2933,3000,3066,3200,3466,3600,3733,3866,4000,4133,4266,4400,4466,4533,4600,4866,5000,5100",1866,100,,,v1_10_0\Prefabs/MotherBoards/MSI/MB_MSI_MPG_B550_GAMING_EDGE_WIFI,MSI MPG B550 Gaming EDGE Wifi
Motherboard,MSI,MPG B550I GAMING EDGE WIFI,,Y,200,67,32,40,1.12,PC,,,B550,AM4,Mini-ITX,DDR4,4600,,,,Y,2,1,2,4,4,,3200,"1866,2133,2400,2667,2800,2933,3000,3066,3200,3466,3600,3733,3866,4000,4133,4266,4400,4466,4533,4600",1866,100,,,v1_12_0/Prefabs/MotherBoards/MSI/MB_MSI_MPG_B550I_GAMING_EDGE_WIFI,MSI MPG B550I GAMING EDGE WIFI
Motherboard,MSI,MPG X570 GAMING EDGE WIFI,,Y,360,120,31,20,1.8,PC,,RGB,X570,AM4,S-ATX,DDR4,4400,Y,Y,3,Y,2,1,4,6,6,,3200,"2133,2400,2666,2800,2933,3000,3066,3200,3466,3600,3733,3866,4000,4133,4266,4400",2133,100,,,v1_8_0\Prefabs/MotherBoards/MSI/MB_MSI_MPG_X570_Gaming_Edge_Wifi,MSI MPG X570 GAMING EDGE WIFI
Motherboard,MSI,MPG X570 Gaming Plus,,Y,170,57,32,60,1.10,PC,,,X570,AM4,S-ATX,DDR4,4400,Y,Y,3,Y,2,1,4,6,6,,3200,"1866,2133,2400,2667,2800,2933,3000,3066,3200,3466,3600,3733,3866,4000,4133,4266,4400",1866,100,,,v1_10_0\Prefabs/MotherBoards/MSI/MB_MSI_MPG_X570_GAMING_PLUS,MSI MPG X570 Gaming Plus
Motherboard,MSI,MPG X570 GAMING PRO CARBON WIFI,,Y,375,125,31,20,1.8,PC,,RGB,X570,AM4,S-ATX,DDR4,4400,Y,Y,3,Y,2,0,4,4,6,,3200,"2133,2400,2666,2800,2933,3000,3066,3200,3466,3600,3733,3866,4000,4133,4266,4400",2133,100,,,v1_8_0\Prefabs/MotherBoards/MSI/MB_MSI_MPG_X570_Gaming_Pro_Carbon_Wifi,MSI MPG X570 GAMING PRO CARBON WIFI
Motherboard,MSI,MPG Z390 GAMING EDGE AC,,Y,190,63,26,20,1.6,PC,,RGB,Z390,LGA 1151 (Coffee Lake),S-ATX,DDR4,4400,Y,Y,3,Y,2,2,4,6,6,,2666,"2133,2400,2666,2800,3000,3200,3300,3333,3400,3466,3600,3733,3866,4000,4133,4200,4266,4300,4400",2133,100,,,Prefabs/MotherBoards/MSI/MB_MSI_MPG_Z390_GamingEdge_AC,MSI MPG Z390 GAMING EDGE AC
Motherboard,MSI,MPG Z390 GAMING PRO CARBON,,Y,200,67,21,20,1.2,,,RGB,Z390,LGA 1151 (Coffee Lake),S-ATX,DDR4,4400,Y,Y,3,Y,2,1,4,6,6,,2666,"2133,2400,2666,2800,3000,3200,3300,3333,3400,3466,3600,3733,3866,4000,4133,4200,4266,4300,4400",2133,100,,,Prefabs/MotherBoards/MSI/MB_MSI_MPG_Z390_GAMINGPROCARBON,MSI MPG Z390 GAMING PRO CARBON
Motherboard,MSI,MPG Z490 Gaming Carbon Wifi,,Y,270,90,32,40,1.9,PC,,RGB,Z490,LGA 1200,S-ATX,DDR4,5000,Y,Y,3,Y,2,0,4,6,6,,2933,"2133,2400,2666,2933,3000,3200,3300,3333,3400,3466,3600,3733,3866,4000,4133,4200,4266,4300,4400,4533,4600,4800,5000",2133,100,,,v1_9_0\Prefabs/MotherBoards/MSI/MB_MSI_MPG_Z490_GAMING_CARBON_WIFI,MSI MPG Z490 Gaming Carbon Wifi
Motherboard,MSI,MPG Z490M Gaming Edge Wifi,,Y,190,63,32,40,1.9,PC,,RGB,Z490,LGA 1200,Micro-ATX,DDR4,4800,Y,Y,2,Y,2,2,4,4,4,,2933,"2133,2400,2666,2933,3000,3200,3300,3333,3400,3466,3600,3733,3866,4000,4133,4200,4266,4300,4400,4533,4600,4800",2133,100,,,v1_9_0\Prefabs/MotherBoards/MSI/MB_MSI_MPG_Z490M_Gaming_Edge_Wifi,MSI MPG Z490M Gaming Edge Wifi
Motherboard,MSI,MPG Z590 CARBON EK X,,Y,510,170,34,80,1.12,PC,,RGB,Z590,LGA 1200,S-ATX,DDR4,5333,Y,,3,Y,3,0,4,6,6,EKWB EK-WB Custom,2933,"2133,2400,2666,2933,3000,3200,3300,3333,3400,3466,3600,3733,3866,4000,4133,4200,4266,4300,4400,4533,4600,4800,5000,5200,5333",2133,100,,,v1_12_0/Prefabs/MotherBoards/MSI/MB_MSI_MPG_Z590_CARBON_EK_X,MSI MPG Z590 CARBON EK X
Motherboard,MSI,MPG Z590 GAMING CARBON WIFI,,Y,425,142,34,30,1.12,PC,,RGB,Z590,LGA 1200,S-ATX,DDR4,5333,Y,,3,Y,3,0,4,6,6,,2933,"2133,2400,2666,2933,3000,3200,3300,3333,3400,3466,3600,3733,3866,4000,4133,4200,4266,4300,4400,4533,4600,4800,5000,5200,5333",2133,100,,,v1_12_0/Prefabs/MotherBoards/MSI/MB_MSI_MPG_Z590_GAMING_CARBON_WIFI,MSI MPG Z590 GAMING CARBON WIFI
Motherboard,MSI,Prestige X570 Creation,,Y,500,167,32,70,1.9,PC,,RGB,X570,AM4,E-ATX,DDR4,5000,Y,Y,3,Y,2,0,4,6,6,,3200,"1866,2133,2400,2666,2800,2933,3000,3066,3200,3466,3600,3733,3866,4000,4133,4266,4400,4533,4600,4733,4800,5000",1866,100,,,v1_9_0\Prefabs/MotherBoards/MSI/MB_MSI_Prestige_X570_Creation,MSI Prestige X570 Creation
Motherboard,MSI,TRX40 PRO 10G,,Y,450,150,32,80,1.10,PC,,,TRX40,sTRX4,S-ATX,DDR4,4666,Y,Y,3,Y,2,0,8,6,8,,3200,"2133,2400,2666,3200,3466,3866,4000,4666",2133,100,,Exclude,v1_10_0\Prefabs/MotherBoards/MSI/MB_MSI_TRX40_Pro_10G,MSI TRX40 PRO 10G
Motherboard,MSI,TRX40 PRO Wifi,,Y,400,133,31,80,1.9,PC,,,TRX40,sTRX4,S-ATX,DDR4,4666,Y,Y,3,Y,2,0,8,6,8,,3200,"2133,2400,2666,2800,2933,3000,3200,3466,3600,3733,3866,4000,4266,4400,4600,4666",2133,100,,Exclude,v1_9_0\Prefabs/MotherBoards/MSI/MB_MSI_TRX40_Pro_Wifi,MSI TRX40 PRO Wifi
Motherboard,MSI,X399 Gaming Pro Carbon AC,,Y,380,126,22,1,1.0,,,RGB,X399,TR4,S-ATX,DDR4,3600,Y,Y,4,Y,3,3,8,6,8,,2666,"2133,2400,2667,2800,2933,3066,3200,3333,3466,3600",2133,100,,,Prefabs/MotherBoards/MSI/MSI_X399_Gaming_Pro_Carbon_AC,MSI X399 Gaming Pro Carbon AC
Motherboard,MSI,X570-A PRO,,Y,160,53,30,1,1.9,PC,,,X570,AM4,S-ATX,DDR4,4400,Y,Y,3,Y,2,2,4,6,6,,3200,"1866,2133,2400,2666,2800,2933,3000,3066,3200,3466,3600,3733,3866,4000,4133,4266,4400",1866,100,,,v1_9_0\Prefabs/MotherBoards/MSI/MB_MSI_X570_A_Pro,MSI X570-A PRO
Motherboard,MSI,Z270 Gaming Pro Carbon,,Y,175,58,7,1,1.0,,,RGB,Z270,LGA 1151 (Kaby Lake),S-ATX,DDR4,3800,Y,Y,3,Y,2,2,4,6,6,,2400,"2133,2400,2600,2800,3000,3200,3600,3800",2133,100,,,Prefabs/Motherboards/MSI/MSI_Z270_GAMINGPROCARBON,MSI Z270 Gaming Pro Carbon
Motherboard,MSI,Z370 Gaming Pro Carbon,,Y,190,63,17,45,1.0,,,RGB,Z370,LGA 1151 (Coffee Lake),S-ATX,DDR4,4000,Y,Y,3,Y,2,2,4,6,6,,2666,"2133,2400,2667,2800,3000,3200,3300,3333,3400,3466,3600,3733,3866,4000",2133,100,,,Prefabs/MotherBoards/MSI/MSI_Z370_GamingProCarbon,MSI Z370 Gaming Pro Carbon
Motherboard,NZXT,N7 B550 (Black),,Y,250,83,34,1,1.13,,,,B550,AM4,S-ATX,DDR4,4733,Y,,3,Y,2,0,4,6,6,,2933,"2133,2400,2666,2800,2933,3000,3200,3300,3333,3400,3466,3600,3733,3866,4000,4133,4200,4266,4300,4333,4400,4466,4500,4533,4600,4666,4733",2133,100,,,v1_13_0/Prefabs/Motherboards/NZXT/MB_NZXT_N7_B550,NZXT N7 B550 (Black)
Motherboard,NZXT,N7 B550 (White),,Y,250,83,34,1,1.13,,,,B550,AM4,S-ATX,DDR4,4733,Y,,3,Y,2,0,4,6,6,,2933,"2133,2400,2666,2800,2933,3000,3200,3300,3333,3400,3466,3600,3733,3866,4000,4133,4200,4266,4300,4333,4400,4466,4500,4533,4600,4666,4733",2133,100,,,v1_13_0/Prefabs/Motherboards/NZXT/MB_NZXT_N7_B550_White_MS,NZXT N7 B550 (White)
Motherboard,NZXT,N7 Z370 (Black),,Y,240,80,16,60,1.0,,,,Z370,LGA 1151 (Coffee Lake),S-ATX,DDR4,3866,Y,Y,3,Y,2,2,4,4,4,,2666,"2133,2400,2666,2800,3000,3200,3300,3333,3400,3466,3600,3733,3866",2133,100,,,Prefabs/MotherBoards/NZXT/NZXT_N7_Z370_BLACK,NZXT N7 Z370 (Black)
Motherboard,NZXT,N7 Z370 (White),,Y,240,80,16,40,1.0,,,,Z370,LGA 1151 (Coffee Lake),S-ATX,DDR4,3866,Y,Y,3,Y,2,2,4,4,4,,2666,"2133,2400,2666,2800,3000,3200,3300,3333,3400,3466,3600,3733,3866",2133,100,,,Prefabs/MotherBoards/NZXT/NZXT_N7_Z370,NZXT N7 Z370 (White)
Motherboard,NZXT,N7 Z390 (Black),,Y,275,92,20,1,1.0,,,,Z390,LGA 1151 (Coffee Lake),S-ATX,DDR4,3866,Y,Y,3,Y,2,1,4,4,4,,2666,"2133,2400,2666,2800,3000,3200,3300,3333,3400,3466,3600,3733,3866",2133,100,,,Prefabs/MotherBoards/NZXT/MB_NZXT_N7Z390_Motherboard_Black,NZXT N7 Z390 (Black)
Motherboard,NZXT,N7 Z390 (White),,Y,275,92,20,20,1.0,,,,Z390,LGA 1151 (Coffee Lake),S-ATX,DDR4,3866,Y,Y,3,Y,2,1,4,4,4,,2666,"2133,2400,2666,2800,3000,3200,3300,3333,3400,3466,3600,3733,3866",2133,100,,,Prefabs/MotherBoards/NZXT/MB_NZXT_N7Z390_Motherboard_White,NZXT N7 Z390 (White)
Motherboard,NZXT,N7 Z590 (Black),,Y,300,100,34,1,1.13,,,,Z590,LGA 1200,S-ATX,DDR4,4600,Y,,3,Y,2,0,4,4,4,,2933,"2133,2400,2666,2800,2933,3000,3200,3300,3333,3400,3466,3600,3733,3866,4000,4133,4266,4400,4600",2133,100,,,v1_13_0/Prefabs/Motherboards/NZXT/MB_NZXT_N7_Z590,NZXT N7 Z590 (Black)
Motherboard,NZXT,N7 Z590 (White),,Y,300,100,34,1,1.13,,,,Z590,LGA 1200,S-ATX,DDR4,4600,Y,,3,Y,2,0,4,4,4,,2933,"2133,2400,2666,2800,2933,3000,3200,3300,3333,3400,3466,3600,3733,3866,4000,4133,4266,4400,4600",2133,100,,,v1_13_0/Prefabs/Motherboards/NZXT/MB_NZXT_N7_Z590_White_MS,NZXT N7 Z590 (White)
